ISO-10303-21;
HEADER;
/* Generated by software containing ST-Developer
 * from STEP Tools, Inc. (www.steptools.com) 
 */
/* OPTION: strings as raw bytes, not using required /X/ escapes */

FILE_DESCRIPTION(
/* description */ ('Unknown'),
/* implementation_level */ '2;1');

FILE_NAME(
/* name */ 'AMT0680001DB0000G',
/* time_stamp */ '2026-02-19T13:31:05+02:00',
/* author */ ('Unknown'),
/* organization */ ('Unknown'),
/* preprocessor_version */ 'ST-DEVELOPER v19.4',
/* originating_system */ 'Solid Edge',
/* authorisation */ 'Unknown');

FILE_SCHEMA (('AUTOMOTIVE_DESIGN {1 0 10303 214 3 1 1}'));
ENDSEC;

DATA;
#10=PROPERTY_DEFINITION_REPRESENTATION(#14,#12);
#11=PROPERTY_DEFINITION_REPRESENTATION(#15,#13);
#12=REPRESENTATION('',(#16),#3521);
#13=REPRESENTATION('',(#17),#3521);
#14=PROPERTY_DEFINITION('pmi validation property','',#3526);
#15=PROPERTY_DEFINITION('pmi validation property','',#3526);
#16=VALUE_REPRESENTATION_ITEM('number of annotations',COUNT_MEASURE(0.));
#17=VALUE_REPRESENTATION_ITEM('number of views',COUNT_MEASURE(0.));
#18=SHAPE_REPRESENTATION_RELATIONSHIP('','',#1353,#19);
#19=ADVANCED_BREP_SHAPE_REPRESENTATION('',(#1351),#3521);
#20=B_SPLINE_CURVE_WITH_KNOTS('',3,(#2835,#2836,#2837,#2838,#2839,#2840,
#2841),.UNSPECIFIED.,.F.,.F.,(4,1,1,1,4),(6.16376325134056E-18,0.00179439793008157,
0.00358879586016313,0.00538319379024469,0.00717759172032624),
 .UNSPECIFIED.);
#21=B_SPLINE_CURVE_WITH_KNOTS('',3,(#2843,#2844,#2845,#2846,#2847,#2848,
#2849),.UNSPECIFIED.,.F.,.F.,(4,1,1,1,4),(9.19976050010024E-18,0.00179480088018418,
0.00358960176036834,0.00538440264055251,0.00717920352073667),
 .UNSPECIFIED.);
#22=B_SPLINE_CURVE_WITH_KNOTS('',3,(#3504,#3505,#3506,#3507,#3508,#3509,
#3510),.UNSPECIFIED.,.F.,.F.,(4,1,1,1,4),(0.,0.00179623060851743,0.00359246121703485,
0.00538869182555228,0.0071849224340697),.UNSPECIFIED.);
#23=B_SPLINE_CURVE_WITH_KNOTS('',3,(#3511,#3512,#3513,#3514,#3515,#3516,
#3517),.UNSPECIFIED.,.F.,.F.,(4,1,1,1,4),(1.47185518033951E-17,0.00179802647698676,
0.0035960529539735,0.00539407943096025,0.00719210590794699),
 .UNSPECIFIED.);
#24=(
BOUNDED_SURFACE()
B_SPLINE_SURFACE(1,2,((#2629,#2630,#2631,#2632,#2633,#2634,#2635,#2636,
#2637,#2638,#2639,#2640,#2641,#2642,#2643,#2644,#2645,#2646,#2647,#2648,
#2649,#2650,#2651,#2652,#2653,#2654,#2655,#2656,#2657,#2658,#2659,#2660,
#2661,#2662,#2663,#2664,#2665,#2666,#2667,#2668,#2669,#2670,#2671,#2672,
#2673,#2674,#2675,#2676,#2677,#2678,#2679,#2680,#2681,#2682,#2683,#2684,
#2685,#2686,#2687,#2688,#2689,#2690,#2691,#2692,#2693,#2694,#2695,#2696,
#2697,#2698,#2699,#2700,#2701,#2702,#2703,#2704,#2705,#2706,#2707,#2708,
#2709,#2710,#2711,#2712,#2713,#2714,#2715,#2716,#2717,#2718,#2719,#2720,
#2721,#2722,#2723,#2724,#2725,#2726,#2727,#2728,#2729,#2730,#2731),(#2732,
#2733,#2734,#2735,#2736,#2737,#2738,#2739,#2740,#2741,#2742,#2743,#2744,
#2745,#2746,#2747,#2748,#2749,#2750,#2751,#2752,#2753,#2754,#2755,#2756,
#2757,#2758,#2759,#2760,#2761,#2762,#2763,#2764,#2765,#2766,#2767,#2768,
#2769,#2770,#2771,#2772,#2773,#2774,#2775,#2776,#2777,#2778,#2779,#2780,
#2781,#2782,#2783,#2784,#2785,#2786,#2787,#2788,#2789,#2790,#2791,#2792,
#2793,#2794,#2795,#2796,#2797,#2798,#2799,#2800,#2801,#2802,#2803,#2804,
#2805,#2806,#2807,#2808,#2809,#2810,#2811,#2812,#2813,#2814,#2815,#2816,
#2817,#2818,#2819,#2820,#2821,#2822,#2823,#2824,#2825,#2826,#2827,#2828,
#2829,#2830,#2831,#2832,#2833,#2834)),.UNSPECIFIED.,.F.,.F.,.F.)
B_SPLINE_SURFACE_WITH_KNOTS((2,2),(3,2,2,2,2,2,2,2,2,2,2,2,2,2,2,2,2,2,
2,2,2,2,2,2,2,2,2,2,2,2,2,2,2,2,2,2,2,2,2,2,2,2,2,2,2,2,2,2,2,2,2,3),(0.,
1.),(0.0521019867996219,0.0535714285714286,0.0625,0.0714285714285714,0.0803571428571429,
0.0892857142857143,0.0982142857142857,0.107142857142857,0.116071428571429,
0.125,0.133928571428571,0.142857142857143,0.151785714285714,0.160714285714286,
0.169642857142857,0.178571428571429,0.1875,0.196428571428571,0.205357142857143,
0.214285714285714,0.223214285714286,0.232142857142857,0.241071428571429,
0.25,0.258928571428571,0.267857142857143,0.276785714285714,0.285714285714286,
0.294642857142857,0.303571428571429,0.3125,0.321428571428571,0.330357142857143,
0.339285714285714,0.348214285714286,0.357142857142857,0.366071428571429,
0.375,0.383928571428571,0.392857142857143,0.401785714285714,0.410714285714286,
0.419642857142857,0.428571428571429,0.4375,0.446428571428571,0.455357142857143,
0.464285714285714,0.473214285714286,0.482142857142857,0.491071428571429,
0.491333345229685),.PIECEWISE_BEZIER_KNOTS.)
GEOMETRIC_REPRESENTATION_ITEM()
RATIONAL_B_SPLINE_SURFACE(((0.993105590440446,0.995873699007599,1.,0.974927912181824,
1.,0.974927912181824,1.,0.974927912181824,1.,0.974927912181824,1.,0.974927912181824,
1.,0.974927912181824,1.,0.974927912181824,1.,0.974927912181824,1.,0.974927912181824,
1.,0.974927912181824,1.,0.974927912181824,1.,0.974927912181824,1.,0.974927912181824,
1.,0.974927912181824,1.,0.974927912181824,1.,0.974927912181824,1.,0.974927912181824,
1.,0.974927912181824,1.,0.974927912181824,1.,0.974927912181824,1.,0.974927912181824,
1.,0.974927912181824,1.,0.974927912181824,1.,0.974927912181824,1.,0.974927912181824,
1.,0.974927912181824,1.,0.974927912181824,1.,0.974927912181824,1.,0.974927912181824,
1.,0.974927912181824,1.,0.974927912181824,1.,0.974927912181824,1.,0.974927912181824,
1.,0.974927912181824,1.,0.974927912181824,1.,0.974927912181824,1.,0.974927912181824,
1.,0.974927912181824,1.,0.974927912181824,1.,0.974927912181824,1.,0.974927912181824,
1.,0.974927912181824,1.,0.974927912181824,1.,0.974927912181824,1.,0.974927912181824,
1.,0.974927912181824,1.,0.974927912181824,1.,0.974927912181824,1.,0.974927912181824,
1.,0.999264518684833,0.99857218756672),(0.993105590440446,0.995873699007599,
1.,0.974927912181824,1.,0.974927912181824,1.,0.974927912181824,1.,0.974927912181824,
1.,0.974927912181824,1.,0.974927912181824,1.,0.974927912181824,1.,0.974927912181824,
1.,0.974927912181824,1.,0.974927912181824,1.,0.974927912181824,1.,0.974927912181824,
1.,0.974927912181824,1.,0.974927912181824,1.,0.974927912181824,1.,0.974927912181824,
1.,0.974927912181824,1.,0.974927912181824,1.,0.974927912181824,1.,0.974927912181824,
1.,0.974927912181824,1.,0.974927912181824,1.,0.974927912181824,1.,0.974927912181824,
1.,0.974927912181824,1.,0.974927912181824,1.,0.974927912181824,1.,0.974927912181824,
1.,0.974927912181824,1.,0.974927912181824,1.,0.974927912181824,1.,0.974927912181824,
1.,0.974927912181824,1.,0.974927912181824,1.,0.974927912181824,1.,0.974927912181824,
1.,0.974927912181824,1.,0.974927912181824,1.,0.974927912181824,1.,0.974927912181824,
1.,0.974927912181824,1.,0.974927912181824,1.,0.974927912181824,1.,0.974927912181824,
1.,0.974927912181824,1.,0.974927912181824,1.,0.974927912181824,1.,0.974927912181824,
1.,0.974927912181824,1.,0.999264518684833,0.99857218756672)))
REPRESENTATION_ITEM('')
SURFACE()
);
#25=(
BOUNDED_SURFACE()
B_SPLINE_SURFACE(1,2,((#3306,#3307,#3308,#3309,#3310,#3311,#3312,#3313,
#3314,#3315,#3316,#3317,#3318,#3319,#3320,#3321,#3322,#3323,#3324,#3325,
#3326,#3327,#3328,#3329,#3330,#3331,#3332,#3333,#3334,#3335,#3336,#3337,
#3338,#3339,#3340,#3341,#3342,#3343,#3344,#3345,#3346,#3347,#3348,#3349,
#3350,#3351,#3352,#3353,#3354,#3355,#3356,#3357,#3358,#3359,#3360,#3361,
#3362,#3363,#3364,#3365,#3366,#3367,#3368,#3369,#3370,#3371,#3372,#3373,
#3374,#3375,#3376,#3377,#3378,#3379,#3380,#3381,#3382,#3383,#3384,#3385,
#3386,#3387,#3388,#3389,#3390,#3391,#3392,#3393,#3394,#3395,#3396,#3397,
#3398,#3399,#3400,#3401,#3402,#3403,#3404),(#3405,#3406,#3407,#3408,#3409,
#3410,#3411,#3412,#3413,#3414,#3415,#3416,#3417,#3418,#3419,#3420,#3421,
#3422,#3423,#3424,#3425,#3426,#3427,#3428,#3429,#3430,#3431,#3432,#3433,
#3434,#3435,#3436,#3437,#3438,#3439,#3440,#3441,#3442,#3443,#3444,#3445,
#3446,#3447,#3448,#3449,#3450,#3451,#3452,#3453,#3454,#3455,#3456,#3457,
#3458,#3459,#3460,#3461,#3462,#3463,#3464,#3465,#3466,#3467,#3468,#3469,
#3470,#3471,#3472,#3473,#3474,#3475,#3476,#3477,#3478,#3479,#3480,#3481,
#3482,#3483,#3484,#3485,#3486,#3487,#3488,#3489,#3490,#3491,#3492,#3493,
#3494,#3495,#3496,#3497,#3498,#3499,#3500,#3501,#3502,#3503)),
 .UNSPECIFIED.,.F.,.F.,.F.)
B_SPLINE_SURFACE_WITH_KNOTS((2,2),(3,2,2,2,2,2,2,2,2,2,2,2,2,2,2,2,2,2,
2,2,2,2,2,2,2,2,2,2,2,2,2,2,2,2,2,2,2,2,2,2,2,2,2,2,2,2,2,2,2,3),(0.,1.),
(0.,0.00892857142857143,0.0178571428571429,0.0267857142857143,0.0357142857142857,
0.0446428571428571,0.0535714285714286,0.0625,0.0714285714285714,0.0803571428571429,
0.0892857142857143,0.0982142857142857,0.107142857142857,0.116071428571429,
0.125,0.133928571428571,0.142857142857143,0.151785714285714,0.160714285714286,
0.169642857142857,0.178571428571429,0.1875,0.196428571428571,0.205357142857143,
0.214285714285714,0.223214285714286,0.232142857142857,0.241071428571429,
0.25,0.258928571428571,0.267857142857143,0.276785714285714,0.285714285714286,
0.294642857142857,0.303571428571429,0.3125,0.321428571428571,0.330357142857143,
0.339285714285714,0.348214285714286,0.357142857142857,0.366071428571429,
0.375,0.383928571428571,0.392857142857143,0.401785714285714,0.410714285714286,
0.419642857142857,0.428571428571429,0.436654594752944),
 .PIECEWISE_BEZIER_KNOTS.)
GEOMETRIC_REPRESENTATION_ITEM()
RATIONAL_B_SPLINE_SURFACE(((1.,0.974927912181824,1.,0.974927912181824,1.,
0.974927912181824,1.,0.974927912181824,1.,0.974927912181824,1.,0.974927912181824,
1.,0.974927912181824,1.,0.974927912181824,1.,0.974927912181824,1.,0.974927912181824,
1.,0.974927912181824,1.,0.974927912181824,1.,0.974927912181824,1.,0.974927912181824,
1.,0.974927912181824,1.,0.974927912181824,1.,0.974927912181824,1.,0.974927912181824,
1.,0.974927912181824,1.,0.974927912181824,1.,0.974927912181824,1.,0.974927912181824,
1.,0.974927912181824,1.,0.974927912181824,1.,0.974927912181824,1.,0.974927912181824,
1.,0.974927912181824,1.,0.974927912181824,1.,0.974927912181824,1.,0.974927912181824,
1.,0.974927912181824,1.,0.974927912181824,1.,0.974927912181824,1.,0.974927912181824,
1.,0.974927912181824,1.,0.974927912181824,1.,0.974927912181824,1.,0.974927912181824,
1.,0.974927912181824,1.,0.974927912181824,1.,0.974927912181824,1.,0.974927912181824,
1.,0.974927912181824,1.,0.974927912181824,1.,0.974927912181824,1.,0.974927912181824,
1.,0.974927912181824,1.,0.974927912181824,1.,0.97730187253659,0.995701638003478),
(1.,0.974927912181824,1.,0.974927912181824,1.,0.974927912181824,1.,0.974927912181824,
1.,0.974927912181824,1.,0.974927912181824,1.,0.974927912181824,1.,0.974927912181824,
1.,0.974927912181824,1.,0.974927912181824,1.,0.974927912181824,1.,0.974927912181824,
1.,0.974927912181824,1.,0.974927912181824,1.,0.974927912181824,1.,0.974927912181824,
1.,0.974927912181824,1.,0.974927912181824,1.,0.974927912181824,1.,0.974927912181824,
1.,0.974927912181824,1.,0.974927912181824,1.,0.974927912181824,1.,0.974927912181824,
1.,0.974927912181824,1.,0.974927912181824,1.,0.974927912181824,1.,0.974927912181824,
1.,0.974927912181824,1.,0.974927912181824,1.,0.974927912181824,1.,0.974927912181824,
1.,0.974927912181824,1.,0.974927912181824,1.,0.974927912181824,1.,0.974927912181824,
1.,0.974927912181824,1.,0.974927912181824,1.,0.974927912181824,1.,0.974927912181824,
1.,0.974927912181824,1.,0.974927912181824,1.,0.974927912181824,1.,0.974927912181824,
1.,0.974927912181824,1.,0.974927912181824,1.,0.974927912181824,1.,0.974927912181824,
1.,0.97730187253659,0.995701638003478)))
REPRESENTATION_ITEM('')
SURFACE()
);
#26=CONICAL_SURFACE('',#1450,3.323503376676,0.785398163397448);
#27=ELLIPSE('',#1367,0.761569958914308,0.75);
#28=ELLIPSE('',#1368,0.761569958914308,0.75);
#29=ELLIPSE('',#1370,0.761569958914308,0.75);
#30=ELLIPSE('',#1371,0.761569958914308,0.75);
#31=ELLIPSE('',#1390,0.761569958914309,0.750000000000001);
#32=ELLIPSE('',#1391,0.761569958914309,0.750000000000001);
#33=ELLIPSE('',#1393,0.761569958914309,0.750000000000001);
#34=ELLIPSE('',#1394,0.761569958914309,0.750000000000001);
#35=ELLIPSE('',#1396,0.761569958914309,0.750000000000001);
#36=ELLIPSE('',#1397,0.761569958914309,0.750000000000001);
#37=ELLIPSE('',#1399,0.761569958914309,0.750000000000001);
#38=ELLIPSE('',#1400,0.761569958914309,0.750000000000001);
#39=LINE('',#2272,#187);
#40=LINE('',#2275,#188);
#41=LINE('',#2277,#189);
#42=LINE('',#2279,#190);
#43=LINE('',#2281,#191);
#44=LINE('',#2284,#192);
#45=LINE('',#2286,#193);
#46=LINE('',#2288,#194);
#47=LINE('',#2290,#195);
#48=LINE('',#2292,#196);
#49=LINE('',#2294,#197);
#50=LINE('',#2296,#198);
#51=LINE('',#2298,#199);
#52=LINE('',#2299,#200);
#53=LINE('',#2301,#201);
#54=LINE('',#2303,#202);
#55=LINE('',#2305,#203);
#56=LINE('',#2307,#204);
#57=LINE('',#2309,#205);
#58=LINE('',#2311,#206);
#59=LINE('',#2314,#207);
#60=LINE('',#2316,#208);
#61=LINE('',#2318,#209);
#62=LINE('',#2320,#210);
#63=LINE('',#2322,#211);
#64=LINE('',#2324,#212);
#65=LINE('',#2326,#213);
#66=LINE('',#2328,#214);
#67=LINE('',#2330,#215);
#68=LINE('',#2332,#216);
#69=LINE('',#2334,#217);
#70=LINE('',#2336,#218);
#71=LINE('',#2338,#219);
#72=LINE('',#2340,#220);
#73=LINE('',#2342,#221);
#74=LINE('',#2344,#222);
#75=LINE('',#2346,#223);
#76=LINE('',#2348,#224);
#77=LINE('',#2350,#225);
#78=LINE('',#2352,#226);
#79=LINE('',#2354,#227);
#80=LINE('',#2356,#228);
#81=LINE('',#2358,#229);
#82=LINE('',#2360,#230);
#83=LINE('',#2362,#231);
#84=LINE('',#2364,#232);
#85=LINE('',#2366,#233);
#86=LINE('',#2368,#234);
#87=LINE('',#2370,#235);
#88=LINE('',#2372,#236);
#89=LINE('',#2374,#237);
#90=LINE('',#2376,#238);
#91=LINE('',#2378,#239);
#92=LINE('',#2380,#240);
#93=LINE('',#2382,#241);
#94=LINE('',#2390,#242);
#95=LINE('',#2392,#243);
#96=LINE('',#2394,#244);
#97=LINE('',#2396,#245);
#98=LINE('',#2398,#246);
#99=LINE('',#2399,#247);
#100=LINE('',#2401,#248);
#101=LINE('',#2403,#249);
#102=LINE('',#2405,#250);
#103=LINE('',#2407,#251);
#104=LINE('',#2409,#252);
#105=LINE('',#2411,#253);
#106=LINE('',#2413,#254);
#107=LINE('',#2415,#255);
#108=LINE('',#2417,#256);
#109=LINE('',#2419,#257);
#110=LINE('',#2421,#258);
#111=LINE('',#2423,#259);
#112=LINE('',#2425,#260);
#113=LINE('',#2427,#261);
#114=LINE('',#2429,#262);
#115=LINE('',#2433,#263);
#116=LINE('',#2436,#264);
#117=LINE('',#2438,#265);
#118=LINE('',#2440,#266);
#119=LINE('',#2443,#267);
#120=LINE('',#2447,#268);
#121=LINE('',#2450,#269);
#122=LINE('',#2453,#270);
#123=LINE('',#2456,#271);
#124=LINE('',#2458,#272);
#125=LINE('',#2460,#273);
#126=LINE('',#2463,#274);
#127=LINE('',#2467,#275);
#128=LINE('',#2469,#276);
#129=LINE('',#2471,#277);
#130=LINE('',#2473,#278);
#131=LINE('',#2475,#279);
#132=LINE('',#2477,#280);
#133=LINE('',#2479,#281);
#134=LINE('',#2480,#282);
#135=LINE('',#2482,#283);
#136=LINE('',#2484,#284);
#137=LINE('',#2486,#285);
#138=LINE('',#2488,#286);
#139=LINE('',#2490,#287);
#140=LINE('',#2492,#288);
#141=LINE('',#2494,#289);
#142=LINE('',#2496,#290);
#143=LINE('',#2498,#291);
#144=LINE('',#2500,#292);
#145=LINE('',#2515,#293);
#146=LINE('',#2517,#294);
#147=LINE('',#2518,#295);
#148=LINE('',#2519,#296);
#149=LINE('',#2521,#297);
#150=LINE('',#2522,#298);
#151=LINE('',#2524,#299);
#152=LINE('',#2525,#300);
#153=LINE('',#2527,#301);
#154=LINE('',#2529,#302);
#155=LINE('',#2531,#303);
#156=LINE('',#2533,#304);
#157=LINE('',#2535,#305);
#158=LINE('',#2537,#306);
#159=LINE('',#2539,#307);
#160=LINE('',#2541,#308);
#161=LINE('',#2543,#309);
#162=LINE('',#2549,#310);
#163=LINE('',#2551,#311);
#164=LINE('',#2553,#312);
#165=LINE('',#2557,#313);
#166=LINE('',#2561,#314);
#167=LINE('',#2563,#315);
#168=LINE('',#2565,#316);
#169=LINE('',#2566,#317);
#170=LINE('',#2568,#318);
#171=LINE('',#2571,#319);
#172=LINE('',#2573,#320);
#173=LINE('',#2576,#321);
#174=LINE('',#2578,#322);
#175=LINE('',#2580,#323);
#176=LINE('',#2584,#324);
#177=LINE('',#2585,#325);
#178=LINE('',#2587,#326);
#179=LINE('',#2589,#327);
#180=LINE('',#2593,#328);
#181=LINE('',#2595,#329);
#182=LINE('',#2599,#330);
#183=LINE('',#2604,#331);
#184=LINE('',#2606,#332);
#185=LINE('',#2608,#333);
#186=LINE('',#2611,#334);
#187=VECTOR('',#1469,1000.);
#188=VECTOR('',#1470,1000.);
#189=VECTOR('',#1471,1000.);
#190=VECTOR('',#1472,1000.);
#191=VECTOR('',#1475,1000.);
#192=VECTOR('',#1476,1000.);
#193=VECTOR('',#1477,1000.);
#194=VECTOR('',#1478,1000.);
#195=VECTOR('',#1479,1000.);
#196=VECTOR('',#1480,1000.);
#197=VECTOR('',#1481,1000.);
#198=VECTOR('',#1482,1000.);
#199=VECTOR('',#1483,1000.);
#200=VECTOR('',#1484,1000.);
#201=VECTOR('',#1485,1000.);
#202=VECTOR('',#1486,1000.);
#203=VECTOR('',#1487,1000.);
#204=VECTOR('',#1488,1000.);
#205=VECTOR('',#1489,1000.);
#206=VECTOR('',#1492,1000.);
#207=VECTOR('',#1493,1000.);
#208=VECTOR('',#1494,1000.);
#209=VECTOR('',#1495,1000.);
#210=VECTOR('',#1496,1000.);
#211=VECTOR('',#1497,1000.);
#212=VECTOR('',#1498,1000.);
#213=VECTOR('',#1499,1000.);
#214=VECTOR('',#1500,1000.);
#215=VECTOR('',#1501,1000.);
#216=VECTOR('',#1502,1000.);
#217=VECTOR('',#1503,1000.);
#218=VECTOR('',#1504,1000.);
#219=VECTOR('',#1505,1000.);
#220=VECTOR('',#1506,1000.);
#221=VECTOR('',#1507,1000.);
#222=VECTOR('',#1510,1000.);
#223=VECTOR('',#1511,1000.);
#224=VECTOR('',#1512,1000.);
#225=VECTOR('',#1513,1000.);
#226=VECTOR('',#1514,1000.);
#227=VECTOR('',#1517,1000.);
#228=VECTOR('',#1518,1000.);
#229=VECTOR('',#1519,1000.);
#230=VECTOR('',#1520,1000.);
#231=VECTOR('',#1521,1000.);
#232=VECTOR('',#1524,1000.);
#233=VECTOR('',#1525,1000.);
#234=VECTOR('',#1526,1000.);
#235=VECTOR('',#1527,1000.);
#236=VECTOR('',#1528,1000.);
#237=VECTOR('',#1531,1000.);
#238=VECTOR('',#1532,1000.);
#239=VECTOR('',#1533,1000.);
#240=VECTOR('',#1534,1000.);
#241=VECTOR('',#1535,1000.);
#242=VECTOR('',#1550,1000.);
#243=VECTOR('',#1551,1000.);
#244=VECTOR('',#1554,1000.);
#245=VECTOR('',#1555,1000.);
#246=VECTOR('',#1558,1000.);
#247=VECTOR('',#1559,1000.);
#248=VECTOR('',#1560,1000.);
#249=VECTOR('',#1561,1000.);
#250=VECTOR('',#1562,1000.);
#251=VECTOR('',#1563,1000.);
#252=VECTOR('',#1564,1000.);
#253=VECTOR('',#1565,1000.);
#254=VECTOR('',#1566,1000.);
#255=VECTOR('',#1567,1000.);
#256=VECTOR('',#1568,1000.);
#257=VECTOR('',#1569,1000.);
#258=VECTOR('',#1570,1000.);
#259=VECTOR('',#1573,1000.);
#260=VECTOR('',#1574,1000.);
#261=VECTOR('',#1575,1000.);
#262=VECTOR('',#1576,1000.);
#263=VECTOR('',#1579,1000.);
#264=VECTOR('',#1582,1000.);
#265=VECTOR('',#1583,1000.);
#266=VECTOR('',#1584,1000.);
#267=VECTOR('',#1587,1000.);
#268=VECTOR('',#1592,1000.);
#269=VECTOR('',#1593,1000.);
#270=VECTOR('',#1596,1000.);
#271=VECTOR('',#1599,1000.);
#272=VECTOR('',#1600,1000.);
#273=VECTOR('',#1601,1000.);
#274=VECTOR('',#1604,1000.);
#275=VECTOR('',#1607,1000.);
#276=VECTOR('',#1608,1000.);
#277=VECTOR('',#1611,1000.);
#278=VECTOR('',#1612,1000.);
#279=VECTOR('',#1613,1000.);
#280=VECTOR('',#1616,1000.);
#281=VECTOR('',#1617,1000.);
#282=VECTOR('',#1618,1000.);
#283=VECTOR('',#1619,1000.);
#284=VECTOR('',#1622,1000.);
#285=VECTOR('',#1623,1000.);
#286=VECTOR('',#1624,1000.);
#287=VECTOR('',#1625,1000.);
#288=VECTOR('',#1628,1000.);
#289=VECTOR('',#1629,1000.);
#290=VECTOR('',#1630,1000.);
#291=VECTOR('',#1631,1000.);
#292=VECTOR('',#1632,1000.);
#293=VECTOR('',#1661,1000.);
#294=VECTOR('',#1664,1000.);
#295=VECTOR('',#1665,1000.);
#296=VECTOR('',#1666,1000.);
#297=VECTOR('',#1667,1000.);
#298=VECTOR('',#1668,1000.);
#299=VECTOR('',#1669,1000.);
#300=VECTOR('',#1670,1000.);
#301=VECTOR('',#1673,1000.);
#302=VECTOR('',#1674,1000.);
#303=VECTOR('',#1675,1000.);
#304=VECTOR('',#1678,1000.);
#305=VECTOR('',#1679,1000.);
#306=VECTOR('',#1680,1000.);
#307=VECTOR('',#1683,1000.);
#308=VECTOR('',#1684,1000.);
#309=VECTOR('',#1685,1000.);
#310=VECTOR('',#1696,1000.);
#311=VECTOR('',#1697,1000.);
#312=VECTOR('',#1698,1000.);
#313=VECTOR('',#1703,1000.);
#314=VECTOR('',#1706,1000.);
#315=VECTOR('',#1707,1000.);
#316=VECTOR('',#1710,1000.);
#317=VECTOR('',#1711,1000.);
#318=VECTOR('',#1714,1000.);
#319=VECTOR('',#1715,1000.);
#320=VECTOR('',#1716,1000.);
#321=VECTOR('',#1721,1000.);
#322=VECTOR('',#1722,1000.);
#323=VECTOR('',#1723,1000.);
#324=VECTOR('',#1728,1000.);
#325=VECTOR('',#1729,1000.);
#326=VECTOR('',#1732,1000.);
#327=VECTOR('',#1735,1000.);
#328=VECTOR('',#1740,1000.);
#329=VECTOR('',#1743,1000.);
#330=VECTOR('',#1748,1000.);
#331=VECTOR('',#1755,1000.);
#332=VECTOR('',#1758,1000.);
#333=VECTOR('',#1761,1000.);
#334=VECTOR('',#1766,1000.);
#335=PLANE('',#1359);
#336=PLANE('',#1360);
#337=PLANE('',#1361);
#338=PLANE('',#1362);
#339=PLANE('',#1363);
#340=PLANE('',#1364);
#341=PLANE('',#1365);
#342=PLANE('',#1372);
#343=PLANE('',#1373);
#344=PLANE('',#1374);
#345=PLANE('',#1375);
#346=PLANE('',#1380);
#347=PLANE('',#1385);
#348=PLANE('',#1386);
#349=PLANE('',#1387);
#350=PLANE('',#1388);
#351=PLANE('',#1401);
#352=PLANE('',#1402);
#353=PLANE('',#1403);
#354=PLANE('',#1404);
#355=PLANE('',#1405);
#356=PLANE('',#1406);
#357=PLANE('',#1411);
#358=PLANE('',#1413);
#359=PLANE('',#1415);
#360=PLANE('',#1416);
#361=PLANE('',#1418);
#362=PLANE('',#1420);
#363=PLANE('',#1426);
#364=PLANE('',#1431);
#365=PLANE('',#1432);
#366=PLANE('',#1433);
#367=PLANE('',#1434);
#368=PLANE('',#1435);
#369=PLANE('',#1436);
#370=PLANE('',#1437);
#371=PLANE('',#1438);
#372=PLANE('',#1439);
#373=PLANE('',#1440);
#374=PLANE('',#1441);
#375=PLANE('',#1442);
#376=PLANE('',#1443);
#377=PLANE('',#1444);
#378=PLANE('',#1445);
#379=PLANE('',#1446);
#380=PLANE('',#1447);
#381=PLANE('',#1448);
#382=PLANE('',#1449);
#383=PLANE('',#1455);
#384=PLANE('',#1456);
#385=(
BOUNDED_CURVE()
B_SPLINE_CURVE(2,(#1818,#1819,#1820,#1821,#1822,#1823,#1824,#1825,#1826,
#1827,#1828,#1829,#1830,#1831,#1832,#1833,#1834,#1835,#1836,#1837,#1838,
#1839,#1840,#1841,#1842,#1843,#1844,#1845,#1846,#1847,#1848,#1849,#1850,
#1851,#1852,#1853,#1854,#1855,#1856,#1857,#1858,#1859,#1860,#1861,#1862,
#1863,#1864,#1865,#1866,#1867,#1868,#1869,#1870,#1871,#1872,#1873,#1874,
#1875,#1876,#1877,#1878,#1879,#1880,#1881,#1882,#1883,#1884,#1885,#1886,
#1887,#1888,#1889,#1890,#1891,#1892,#1893,#1894,#1895,#1896,#1897,#1898,
#1899,#1900,#1901,#1902,#1903,#1904,#1905,#1906,#1907,#1908,#1909,#1910,
#1911,#1912,#1913,#1914,#1915,#1916,#1917,#1918,#1919,#1920,#1921,#1922,
#1923,#1924,#1925,#1926,#1927,#1928,#1929,#1930,#1931,#1932,#1933,#1934,
#1935,#1936,#1937,#1938,#1939,#1940,#1941,#1942,#1943,#1944,#1945,#1946,
#1947,#1948,#1949,#1950,#1951,#1952,#1953,#1954,#1955,#1956,#1957,#1958,
#1959,#1960,#1961,#1962,#1963,#1964,#1965,#1966,#1967,#1968,#1969,#1970,
#1971,#1972,#1973,#1974,#1975,#1976,#1977,#1978,#1979,#1980,#1981,#1982,
#1983,#1984,#1985,#1986,#1987,#1988,#1989,#1990,#1991,#1992,#1993,#1994,
#1995,#1996,#1997,#1998,#1999,#2000,#2001,#2002,#2003,#2004,#2005,#2006,
#2007,#2008,#2009,#2010,#2011,#2012,#2013,#2014,#2015,#2016,#2017,#2018,
#2019,#2020,#2021,#2022,#2023,#2024,#2025,#2026,#2027,#2028,#2029,#2030,
#2031,#2032,#2033,#2034,#2035,#2036,#2037,#2038,#2039,#2040,#2041,#2042),
 .UNSPECIFIED.,.F.,.F.)
B_SPLINE_CURVE_WITH_KNOTS((3,2,2,2,2,2,2,2,2,2,2,2,2,2,2,2,2,2,2,2,2,2,
2,2,2,2,2,2,2,2,2,2,2,2,2,2,2,2,2,2,2,2,2,2,2,2,2,2,2,2,2,2,2,2,2,2,2,2,
2,2,2,2,2,2,2,2,2,2,2,2,2,2,2,2,2,2,2,2,2,2,2,2,2,2,2,2,2,2,2,2,2,2,2,2,
2,2,2,2,2,2,2,2,2,2,2,2,2,2,2,2,2,2,3),(0.,0.00892857142857143,0.0178571428571429,
0.0267857142857143,0.0357142857142857,0.0446428571428571,0.0535714285714286,
0.0625,0.0714285714285714,0.0803571428571429,0.0892857142857143,0.0982142857142857,
0.107142857142857,0.116071428571429,0.125,0.133928571428571,0.142857142857143,
0.151785714285714,0.160714285714286,0.169642857142857,0.178571428571429,
0.1875,0.196428571428571,0.205357142857143,0.214285714285714,0.223214285714286,
0.232142857142857,0.241071428571429,0.25,0.258928571428571,0.267857142857143,
0.276785714285714,0.285714285714286,0.294642857142857,0.303571428571429,
0.3125,0.321428571428571,0.330357142857143,0.339285714285714,0.348214285714286,
0.357142857142857,0.366071428571429,0.375,0.383928571428571,0.392857142857143,
0.401785714285714,0.410714285714286,0.419642857142857,0.428571428571429,
0.4375,0.446428571428571,0.455357142857143,0.464285714285714,0.473214285714286,
0.482142857142857,0.491071428571429,0.5,0.508928571428571,0.517857142857143,
0.526785714285714,0.535714285714286,0.544642857142857,0.553571428571429,
0.5625,0.571428571428571,0.580357142857143,0.589285714285714,0.598214285714286,
0.607142857142857,0.616071428571429,0.625,0.633928571428571,0.642857142857143,
0.651785714285714,0.660714285714286,0.669642857142857,0.678571428571429,
0.6875,0.696428571428571,0.705357142857143,0.714285714285714,0.723214285714286,
0.732142857142857,0.741071428571429,0.75,0.758928571428571,0.767857142857143,
0.776785714285714,0.785714285714286,0.794642857142857,0.803571428571429,
0.8125,0.821428571428571,0.830357142857143,0.839285714285714,0.848214285714286,
0.857142857142857,0.866071428571429,0.875,0.883928571428571,0.892857142857143,
0.901785714285714,0.910714285714286,0.919642857142857,0.928571428571429,
0.9375,0.946428571428571,0.955357142857143,0.964285714285714,0.973214285714286,
0.982142857142857,0.991071428571429,1.),.PIECEWISE_BEZIER_KNOTS.)
CURVE()
GEOMETRIC_REPRESENTATION_ITEM()
RATIONAL_B_SPLINE_CURVE((1.,0.974927912181824,1.,0.974927912181824,1.,0.974927912181824,
1.,0.974927912181824,1.,0.974927912181824,1.,0.974927912181824,1.,0.974927912181824,
1.,0.974927912181824,1.,0.974927912181824,1.,0.974927912181824,1.,0.974927912181824,
1.,0.974927912181824,1.,0.974927912181824,1.,0.974927912181824,1.,0.974927912181824,
1.,0.974927912181824,1.,0.974927912181824,1.,0.974927912181824,1.,0.974927912181824,
1.,0.974927912181824,1.,0.974927912181824,1.,0.974927912181824,1.,0.974927912181824,
1.,0.974927912181824,1.,0.974927912181824,1.,0.974927912181824,1.,0.974927912181824,
1.,0.974927912181824,1.,0.974927912181824,1.,0.974927912181824,1.,0.974927912181824,
1.,0.974927912181824,1.,0.974927912181824,1.,0.974927912181824,1.,0.974927912181824,
1.,0.974927912181824,1.,0.974927912181824,1.,0.974927912181824,1.,0.974927912181824,
1.,0.974927912181824,1.,0.974927912181824,1.,0.974927912181824,1.,0.974927912181824,
1.,0.974927912181824,1.,0.974927912181824,1.,0.974927912181824,1.,0.974927912181824,
1.,0.974927912181824,1.,0.974927912181824,1.,0.974927912181824,1.,0.974927912181824,
1.,0.974927912181824,1.,0.974927912181824,1.,0.974927912181824,1.,0.974927912181824,
1.,0.974927912181824,1.,0.974927912181824,1.,0.974927912181824,1.,0.974927912181824,
1.,0.974927912181824,1.,0.974927912181824,1.,0.974927912181824,1.,0.974927912181824,
1.,0.974927912181824,1.,0.974927912181824,1.,0.974927912181824,1.,0.974927912181824,
1.,0.974927912181824,1.,0.974927912181824,1.,0.974927912181824,1.,0.974927912181824,
1.,0.974927912181824,1.,0.974927912181824,1.,0.974927912181824,1.,0.974927912181824,
1.,0.974927912181824,1.,0.974927912181824,1.,0.974927912181824,1.,0.974927912181824,
1.,0.974927912181824,1.,0.974927912181824,1.,0.974927912181824,1.,0.974927912181824,
1.,0.974927912181824,1.,0.974927912181824,1.,0.974927912181824,1.,0.974927912181824,
1.,0.974927912181824,1.,0.974927912181824,1.,0.974927912181824,1.,0.974927912181824,
1.,0.974927912181824,1.,0.974927912181824,1.,0.974927912181824,1.,0.974927912181824,
1.,0.974927912181824,1.,0.974927912181824,1.,0.974927912181824,1.,0.974927912181824,
1.,0.974927912181824,1.,0.974927912181824,1.,0.974927912181824,1.,0.974927912181824,
1.,0.974927912181824,1.,0.974927912181824,1.,0.974927912181824,1.,0.974927912181824,
1.,0.974927912181824,1.,0.974927912181824,1.,0.974927912181824,1.,0.974927912181824,
1.,0.974927912181824,1.))
REPRESENTATION_ITEM('')
);
#386=(
BOUNDED_CURVE()
B_SPLINE_CURVE(2,(#2046,#2047,#2048,#2049,#2050,#2051,#2052,#2053,#2054,
#2055,#2056,#2057,#2058,#2059,#2060,#2061,#2062,#2063,#2064,#2065,#2066,
#2067,#2068,#2069,#2070,#2071,#2072,#2073,#2074,#2075,#2076,#2077,#2078,
#2079,#2080,#2081,#2082,#2083,#2084,#2085,#2086,#2087,#2088,#2089,#2090,
#2091,#2092,#2093,#2094,#2095,#2096,#2097,#2098,#2099,#2100,#2101,#2102,
#2103,#2104,#2105,#2106,#2107,#2108,#2109,#2110,#2111,#2112,#2113,#2114,
#2115,#2116,#2117,#2118,#2119,#2120,#2121,#2122,#2123,#2124,#2125,#2126,
#2127,#2128,#2129,#2130,#2131,#2132,#2133,#2134,#2135,#2136,#2137,#2138,
#2139,#2140,#2141,#2142,#2143,#2144,#2145,#2146,#2147,#2148,#2149,#2150,
#2151,#2152,#2153,#2154,#2155,#2156,#2157,#2158,#2159,#2160,#2161,#2162,
#2163,#2164,#2165,#2166,#2167,#2168,#2169,#2170,#2171,#2172,#2173,#2174,
#2175,#2176,#2177,#2178,#2179,#2180,#2181,#2182,#2183,#2184,#2185,#2186,
#2187,#2188,#2189,#2190,#2191,#2192,#2193,#2194,#2195,#2196,#2197,#2198,
#2199,#2200,#2201,#2202,#2203,#2204,#2205,#2206,#2207,#2208,#2209,#2210,
#2211,#2212,#2213,#2214,#2215,#2216,#2217,#2218,#2219,#2220,#2221,#2222,
#2223,#2224,#2225,#2226,#2227,#2228,#2229,#2230,#2231,#2232,#2233,#2234,
#2235,#2236,#2237,#2238,#2239,#2240,#2241,#2242,#2243,#2244,#2245,#2246,
#2247,#2248,#2249,#2250,#2251,#2252,#2253,#2254,#2255,#2256,#2257,#2258,
#2259,#2260,#2261,#2262,#2263,#2264,#2265,#2266,#2267,#2268,#2269,#2270),
 .UNSPECIFIED.,.F.,.F.)
B_SPLINE_CURVE_WITH_KNOTS((3,2,2,2,2,2,2,2,2,2,2,2,2,2,2,2,2,2,2,2,2,2,
2,2,2,2,2,2,2,2,2,2,2,2,2,2,2,2,2,2,2,2,2,2,2,2,2,2,2,2,2,2,2,2,2,2,2,2,
2,2,2,2,2,2,2,2,2,2,2,2,2,2,2,2,2,2,2,2,2,2,2,2,2,2,2,2,2,2,2,2,2,2,2,2,
2,2,2,2,2,2,2,2,2,2,2,2,2,2,2,2,2,2,3),(0.,0.00892857142857143,0.0178571428571429,
0.0267857142857143,0.0357142857142857,0.0446428571428571,0.0535714285714286,
0.0625,0.0714285714285714,0.0803571428571429,0.0892857142857143,0.0982142857142857,
0.107142857142857,0.116071428571429,0.125,0.133928571428571,0.142857142857143,
0.151785714285714,0.160714285714286,0.169642857142857,0.178571428571429,
0.1875,0.196428571428571,0.205357142857143,0.214285714285714,0.223214285714286,
0.232142857142857,0.241071428571429,0.25,0.258928571428571,0.267857142857143,
0.276785714285714,0.285714285714286,0.294642857142857,0.303571428571429,
0.3125,0.321428571428571,0.330357142857143,0.339285714285714,0.348214285714286,
0.357142857142857,0.366071428571429,0.375,0.383928571428571,0.392857142857143,
0.401785714285714,0.410714285714286,0.419642857142857,0.428571428571429,
0.4375,0.446428571428571,0.455357142857143,0.464285714285714,0.473214285714286,
0.482142857142857,0.491071428571429,0.5,0.508928571428571,0.517857142857143,
0.526785714285714,0.535714285714286,0.544642857142857,0.553571428571429,
0.5625,0.571428571428571,0.580357142857143,0.589285714285714,0.598214285714286,
0.607142857142857,0.616071428571429,0.625,0.633928571428571,0.642857142857143,
0.651785714285714,0.660714285714286,0.669642857142857,0.678571428571429,
0.6875,0.696428571428571,0.705357142857143,0.714285714285714,0.723214285714286,
0.732142857142857,0.741071428571429,0.75,0.758928571428571,0.767857142857143,
0.776785714285714,0.785714285714286,0.794642857142857,0.803571428571429,
0.8125,0.821428571428571,0.830357142857143,0.839285714285714,0.848214285714286,
0.857142857142857,0.866071428571429,0.875,0.883928571428571,0.892857142857143,
0.901785714285714,0.910714285714286,0.919642857142857,0.928571428571429,
0.9375,0.946428571428571,0.955357142857143,0.964285714285714,0.973214285714286,
0.982142857142857,0.991071428571429,1.),.PIECEWISE_BEZIER_KNOTS.)
CURVE()
GEOMETRIC_REPRESENTATION_ITEM()
RATIONAL_B_SPLINE_CURVE((1.,0.974927912181824,1.,0.974927912181824,1.,0.974927912181824,
1.,0.974927912181824,1.,0.974927912181824,1.,0.974927912181824,1.,0.974927912181824,
1.,0.974927912181824,1.,0.974927912181824,1.,0.974927912181824,1.,0.974927912181824,
1.,0.974927912181824,1.,0.974927912181824,1.,0.974927912181824,1.,0.974927912181824,
1.,0.974927912181824,1.,0.974927912181824,1.,0.974927912181824,1.,0.974927912181824,
1.,0.974927912181824,1.,0.974927912181824,1.,0.974927912181824,1.,0.974927912181824,
1.,0.974927912181824,1.,0.974927912181824,1.,0.974927912181824,1.,0.974927912181824,
1.,0.974927912181824,1.,0.974927912181824,1.,0.974927912181824,1.,0.974927912181824,
1.,0.974927912181824,1.,0.974927912181824,1.,0.974927912181824,1.,0.974927912181824,
1.,0.974927912181824,1.,0.974927912181824,1.,0.974927912181824,1.,0.974927912181824,
1.,0.974927912181824,1.,0.974927912181824,1.,0.974927912181824,1.,0.974927912181824,
1.,0.974927912181824,1.,0.974927912181824,1.,0.974927912181824,1.,0.974927912181824,
1.,0.974927912181824,1.,0.974927912181824,1.,0.974927912181824,1.,0.974927912181824,
1.,0.974927912181824,1.,0.974927912181824,1.,0.974927912181824,1.,0.974927912181824,
1.,0.974927912181824,1.,0.974927912181824,1.,0.974927912181824,1.,0.974927912181824,
1.,0.974927912181824,1.,0.974927912181824,1.,0.974927912181824,1.,0.974927912181824,
1.,0.974927912181824,1.,0.974927912181824,1.,0.974927912181824,1.,0.974927912181824,
1.,0.974927912181824,1.,0.974927912181824,1.,0.974927912181824,1.,0.974927912181824,
1.,0.974927912181824,1.,0.974927912181824,1.,0.974927912181824,1.,0.974927912181824,
1.,0.974927912181824,1.,0.974927912181824,1.,0.974927912181824,1.,0.974927912181824,
1.,0.974927912181824,1.,0.974927912181824,1.,0.974927912181824,1.,0.974927912181824,
1.,0.974927912181824,1.,0.974927912181824,1.,0.974927912181824,1.,0.974927912181824,
1.,0.974927912181824,1.,0.974927912181824,1.,0.974927912181824,1.,0.974927912181824,
1.,0.974927912181824,1.,0.974927912181824,1.,0.974927912181824,1.,0.974927912181824,
1.,0.974927912181824,1.,0.974927912181824,1.,0.974927912181824,1.,0.974927912181824,
1.,0.974927912181824,1.,0.974927912181824,1.,0.974927912181824,1.,0.974927912181824,
1.,0.974927912181824,1.,0.974927912181824,1.,0.974927912181824,1.,0.974927912181824,
1.,0.974927912181824,1.,0.974927912181824,1.,0.974927912181824,1.,0.974927912181824,
1.,0.974927912181824,1.))
REPRESENTATION_ITEM('')
);
#387=(
BOUNDED_CURVE()
B_SPLINE_CURVE(2,(#2851,#2852,#2853,#2854,#2855,#2856,#2857,#2858,#2859,
#2860,#2861,#2862,#2863,#2864,#2865,#2866,#2867,#2868,#2869,#2870,#2871,
#2872,#2873,#2874,#2875,#2876,#2877,#2878,#2879,#2880,#2881,#2882,#2883,
#2884,#2885,#2886,#2887,#2888,#2889,#2890,#2891,#2892,#2893,#2894,#2895,
#2896,#2897,#2898,#2899,#2900,#2901,#2902,#2903,#2904,#2905,#2906,#2907,
#2908,#2909,#2910,#2911,#2912,#2913,#2914,#2915,#2916,#2917,#2918,#2919,
#2920,#2921,#2922,#2923,#2924,#2925,#2926,#2927,#2928,#2929,#2930,#2931,
#2932,#2933,#2934,#2935,#2936,#2937,#2938,#2939,#2940,#2941,#2942,#2943,
#2944,#2945,#2946,#2947,#2948,#2949,#2950,#2951,#2952,#2953,#2954,#2955,
#2956,#2957,#2958,#2959,#2960,#2961,#2962,#2963,#2964,#2965,#2966,#2967,
#2968,#2969,#2970,#2971,#2972,#2973,#2974,#2975,#2976,#2977,#2978,#2979,
#2980,#2981,#2982,#2983,#2984,#2985,#2986,#2987,#2988,#2989,#2990,#2991,
#2992,#2993,#2994,#2995,#2996,#2997,#2998,#2999,#3000,#3001,#3002,#3003,
#3004,#3005,#3006,#3007,#3008,#3009,#3010,#3011,#3012,#3013,#3014,#3015,
#3016,#3017,#3018,#3019,#3020,#3021,#3022,#3023,#3024,#3025,#3026,#3027,
#3028,#3029,#3030,#3031,#3032,#3033,#3034,#3035,#3036,#3037,#3038,#3039,
#3040,#3041,#3042,#3043,#3044,#3045,#3046,#3047,#3048,#3049,#3050,#3051,
#3052,#3053,#3054,#3055,#3056,#3057,#3058,#3059,#3060,#3061,#3062,#3063,
#3064,#3065,#3066,#3067,#3068,#3069,#3070,#3071,#3072,#3073,#3074,#3075),
 .UNSPECIFIED.,.F.,.F.)
B_SPLINE_CURVE_WITH_KNOTS((3,2,2,2,2,2,2,2,2,2,2,2,2,2,2,2,2,2,2,2,2,2,
2,2,2,2,2,2,2,2,2,2,2,2,2,2,2,2,2,2,2,2,2,2,2,2,2,2,2,2,2,2,2,2,2,2,2,2,
2,2,2,2,2,2,2,2,2,2,2,2,2,2,2,2,2,2,2,2,2,2,2,2,2,2,2,2,2,2,2,2,2,2,2,2,
2,2,2,2,2,2,2,2,2,2,2,2,2,2,2,2,2,2,3),(0.,0.00892857142857143,0.0178571428571429,
0.0267857142857143,0.0357142857142857,0.0446428571428571,0.0535714285714286,
0.0625,0.0714285714285714,0.0803571428571429,0.0892857142857143,0.0982142857142857,
0.107142857142857,0.116071428571429,0.125,0.133928571428571,0.142857142857143,
0.151785714285714,0.160714285714286,0.169642857142857,0.178571428571429,
0.1875,0.196428571428571,0.205357142857143,0.214285714285714,0.223214285714286,
0.232142857142857,0.241071428571429,0.25,0.258928571428571,0.267857142857143,
0.276785714285714,0.285714285714286,0.294642857142857,0.303571428571429,
0.3125,0.321428571428571,0.330357142857143,0.339285714285714,0.348214285714286,
0.357142857142857,0.366071428571429,0.375,0.383928571428571,0.392857142857143,
0.401785714285714,0.410714285714286,0.419642857142857,0.428571428571429,
0.4375,0.446428571428571,0.455357142857143,0.464285714285714,0.473214285714286,
0.482142857142857,0.491071428571429,0.5,0.508928571428571,0.517857142857143,
0.526785714285714,0.535714285714286,0.544642857142857,0.553571428571429,
0.5625,0.571428571428571,0.580357142857143,0.589285714285714,0.598214285714286,
0.607142857142857,0.616071428571429,0.625,0.633928571428571,0.642857142857143,
0.651785714285714,0.660714285714286,0.669642857142857,0.678571428571429,
0.6875,0.696428571428571,0.705357142857143,0.714285714285714,0.723214285714286,
0.732142857142857,0.741071428571429,0.75,0.758928571428571,0.767857142857143,
0.776785714285714,0.785714285714286,0.794642857142857,0.803571428571429,
0.8125,0.821428571428571,0.830357142857143,0.839285714285714,0.848214285714286,
0.857142857142857,0.866071428571429,0.875,0.883928571428571,0.892857142857143,
0.901785714285714,0.910714285714286,0.919642857142857,0.928571428571429,
0.9375,0.946428571428571,0.955357142857143,0.964285714285714,0.973214285714286,
0.982142857142857,0.991071428571429,1.),.UNSPECIFIED.)
CURVE()
GEOMETRIC_REPRESENTATION_ITEM()
RATIONAL_B_SPLINE_CURVE((1.,0.974927912181824,1.,0.974927912181824,1.,0.974927912181824,
1.,0.974927912181824,1.,0.974927912181824,1.,0.974927912181824,1.,0.974927912181824,
1.,0.974927912181824,1.,0.974927912181824,1.,0.974927912181824,1.,0.974927912181824,
1.,0.974927912181824,1.,0.974927912181824,1.,0.974927912181824,1.,0.974927912181824,
1.,0.974927912181824,1.,0.974927912181824,1.,0.974927912181824,1.,0.974927912181824,
1.,0.974927912181824,1.,0.974927912181824,1.,0.974927912181824,1.,0.974927912181824,
1.,0.974927912181824,1.,0.974927912181824,1.,0.974927912181824,1.,0.974927912181824,
1.,0.974927912181824,1.,0.974927912181824,1.,0.974927912181824,1.,0.974927912181824,
1.,0.974927912181824,1.,0.974927912181824,1.,0.974927912181824,1.,0.974927912181824,
1.,0.974927912181824,1.,0.974927912181824,1.,0.974927912181824,1.,0.974927912181824,
1.,0.974927912181824,1.,0.974927912181824,1.,0.974927912181824,1.,0.974927912181824,
1.,0.974927912181824,1.,0.974927912181824,1.,0.974927912181824,1.,0.974927912181824,
1.,0.974927912181824,1.,0.974927912181824,1.,0.974927912181824,1.,0.974927912181824,
1.,0.974927912181824,1.,0.974927912181824,1.,0.974927912181824,1.,0.974927912181824,
1.,0.974927912181824,1.,0.974927912181824,1.,0.974927912181824,1.,0.974927912181824,
1.,0.974927912181824,1.,0.974927912181824,1.,0.974927912181824,1.,0.974927912181824,
1.,0.974927912181824,1.,0.974927912181824,1.,0.974927912181824,1.,0.974927912181824,
1.,0.974927912181824,1.,0.974927912181824,1.,0.974927912181824,1.,0.974927912181824,
1.,0.974927912181824,1.,0.974927912181824,1.,0.974927912181824,1.,0.974927912181824,
1.,0.974927912181824,1.,0.974927912181824,1.,0.974927912181824,1.,0.974927912181824,
1.,0.974927912181824,1.,0.974927912181824,1.,0.974927912181824,1.,0.974927912181824,
1.,0.974927912181824,1.,0.974927912181824,1.,0.974927912181824,1.,0.974927912181824,
1.,0.974927912181824,1.,0.974927912181824,1.,0.974927912181824,1.,0.974927912181824,
1.,0.974927912181824,1.,0.974927912181824,1.,0.974927912181824,1.,0.974927912181824,
1.,0.974927912181824,1.,0.974927912181824,1.,0.974927912181824,1.,0.974927912181824,
1.,0.974927912181824,1.,0.974927912181824,1.,0.974927912181824,1.,0.974927912181824,
1.,0.974927912181824,1.,0.974927912181824,1.,0.974927912181824,1.,0.974927912181824,
1.,0.974927912181824,1.,0.974927912181824,1.,0.974927912181824,1.,0.974927912181824,
1.,0.974927912181824,1.))
REPRESENTATION_ITEM('')
);
#388=(
BOUNDED_CURVE()
B_SPLINE_CURVE(2,(#3081,#3082,#3083,#3084,#3085,#3086,#3087,#3088,#3089,
#3090,#3091,#3092,#3093,#3094,#3095,#3096,#3097,#3098,#3099,#3100,#3101,
#3102,#3103,#3104,#3105,#3106,#3107,#3108,#3109,#3110,#3111,#3112,#3113,
#3114,#3115,#3116,#3117,#3118,#3119,#3120,#3121,#3122,#3123,#3124,#3125,
#3126,#3127,#3128,#3129,#3130,#3131,#3132,#3133,#3134,#3135,#3136,#3137,
#3138,#3139,#3140,#3141,#3142,#3143,#3144,#3145,#3146,#3147,#3148,#3149,
#3150,#3151,#3152,#3153,#3154,#3155,#3156,#3157,#3158,#3159,#3160,#3161,
#3162,#3163,#3164,#3165,#3166,#3167,#3168,#3169,#3170,#3171,#3172,#3173,
#3174,#3175,#3176,#3177,#3178,#3179,#3180,#3181,#3182,#3183,#3184,#3185,
#3186,#3187,#3188,#3189,#3190,#3191,#3192,#3193,#3194,#3195,#3196,#3197,
#3198,#3199,#3200,#3201,#3202,#3203,#3204,#3205,#3206,#3207,#3208,#3209,
#3210,#3211,#3212,#3213,#3214,#3215,#3216,#3217,#3218,#3219,#3220,#3221,
#3222,#3223,#3224,#3225,#3226,#3227,#3228,#3229,#3230,#3231,#3232,#3233,
#3234,#3235,#3236,#3237,#3238,#3239,#3240,#3241,#3242,#3243,#3244,#3245,
#3246,#3247,#3248,#3249,#3250,#3251,#3252,#3253,#3254,#3255,#3256,#3257,
#3258,#3259,#3260,#3261,#3262,#3263,#3264,#3265,#3266,#3267,#3268,#3269,
#3270,#3271,#3272,#3273,#3274,#3275,#3276,#3277,#3278,#3279,#3280,#3281,
#3282,#3283,#3284,#3285,#3286,#3287,#3288,#3289,#3290,#3291,#3292,#3293,
#3294,#3295,#3296,#3297,#3298,#3299,#3300,#3301,#3302,#3303,#3304,#3305),
 .UNSPECIFIED.,.F.,.F.)
B_SPLINE_CURVE_WITH_KNOTS((3,2,2,2,2,2,2,2,2,2,2,2,2,2,2,2,2,2,2,2,2,2,
2,2,2,2,2,2,2,2,2,2,2,2,2,2,2,2,2,2,2,2,2,2,2,2,2,2,2,2,2,2,2,2,2,2,2,2,
2,2,2,2,2,2,2,2,2,2,2,2,2,2,2,2,2,2,2,2,2,2,2,2,2,2,2,2,2,2,2,2,2,2,2,2,
2,2,2,2,2,2,2,2,2,2,2,2,2,2,2,2,2,2,3),(0.,0.00892857142857143,0.0178571428571429,
0.0267857142857143,0.0357142857142857,0.0446428571428571,0.0535714285714286,
0.0625,0.0714285714285714,0.0803571428571429,0.0892857142857143,0.0982142857142857,
0.107142857142857,0.116071428571429,0.125,0.133928571428571,0.142857142857143,
0.151785714285714,0.160714285714286,0.169642857142857,0.178571428571429,
0.1875,0.196428571428571,0.205357142857143,0.214285714285714,0.223214285714286,
0.232142857142857,0.241071428571429,0.25,0.258928571428571,0.267857142857143,
0.276785714285714,0.285714285714286,0.294642857142857,0.303571428571429,
0.3125,0.321428571428571,0.330357142857143,0.339285714285714,0.348214285714286,
0.357142857142857,0.366071428571429,0.375,0.383928571428571,0.392857142857143,
0.401785714285714,0.410714285714286,0.419642857142857,0.428571428571429,
0.4375,0.446428571428571,0.455357142857143,0.464285714285714,0.473214285714286,
0.482142857142857,0.491071428571429,0.5,0.508928571428571,0.517857142857143,
0.526785714285714,0.535714285714286,0.544642857142857,0.553571428571429,
0.5625,0.571428571428571,0.580357142857143,0.589285714285714,0.598214285714286,
0.607142857142857,0.616071428571429,0.625,0.633928571428571,0.642857142857143,
0.651785714285714,0.660714285714286,0.669642857142857,0.678571428571429,
0.6875,0.696428571428571,0.705357142857143,0.714285714285714,0.723214285714286,
0.732142857142857,0.741071428571429,0.75,0.758928571428571,0.767857142857143,
0.776785714285714,0.785714285714286,0.794642857142857,0.803571428571429,
0.8125,0.821428571428571,0.830357142857143,0.839285714285714,0.848214285714286,
0.857142857142857,0.866071428571429,0.875,0.883928571428571,0.892857142857143,
0.901785714285714,0.910714285714286,0.919642857142857,0.928571428571429,
0.9375,0.946428571428571,0.955357142857143,0.964285714285714,0.973214285714286,
0.982142857142857,0.991071428571429,1.),.UNSPECIFIED.)
CURVE()
GEOMETRIC_REPRESENTATION_ITEM()
RATIONAL_B_SPLINE_CURVE((1.,0.974927912181824,1.,0.974927912181824,1.,0.974927912181824,
1.,0.974927912181824,1.,0.974927912181824,1.,0.974927912181824,1.,0.974927912181824,
1.,0.974927912181824,1.,0.974927912181824,1.,0.974927912181824,1.,0.974927912181824,
1.,0.974927912181824,1.,0.974927912181824,1.,0.974927912181824,1.,0.974927912181824,
1.,0.974927912181824,1.,0.974927912181824,1.,0.974927912181824,1.,0.974927912181824,
1.,0.974927912181824,1.,0.974927912181824,1.,0.974927912181824,1.,0.974927912181824,
1.,0.974927912181824,1.,0.974927912181824,1.,0.974927912181824,1.,0.974927912181824,
1.,0.974927912181824,1.,0.974927912181824,1.,0.974927912181824,1.,0.974927912181824,
1.,0.974927912181824,1.,0.974927912181824,1.,0.974927912181824,1.,0.974927912181824,
1.,0.974927912181824,1.,0.974927912181824,1.,0.974927912181824,1.,0.974927912181824,
1.,0.974927912181824,1.,0.974927912181824,1.,0.974927912181824,1.,0.974927912181824,
1.,0.974927912181824,1.,0.974927912181824,1.,0.974927912181824,1.,0.974927912181824,
1.,0.974927912181824,1.,0.974927912181824,1.,0.974927912181824,1.,0.974927912181824,
1.,0.974927912181824,1.,0.974927912181824,1.,0.974927912181824,1.,0.974927912181824,
1.,0.974927912181824,1.,0.974927912181824,1.,0.974927912181824,1.,0.974927912181824,
1.,0.974927912181824,1.,0.974927912181824,1.,0.974927912181824,1.,0.974927912181824,
1.,0.974927912181824,1.,0.974927912181824,1.,0.974927912181824,1.,0.974927912181824,
1.,0.974927912181824,1.,0.974927912181824,1.,0.974927912181824,1.,0.974927912181824,
1.,0.974927912181824,1.,0.974927912181824,1.,0.974927912181824,1.,0.974927912181824,
1.,0.974927912181824,1.,0.974927912181824,1.,0.974927912181824,1.,0.974927912181824,
1.,0.974927912181824,1.,0.974927912181824,1.,0.974927912181824,1.,0.974927912181824,
1.,0.974927912181824,1.,0.974927912181824,1.,0.974927912181824,1.,0.974927912181824,
1.,0.974927912181824,1.,0.974927912181824,1.,0.974927912181824,1.,0.974927912181824,
1.,0.974927912181824,1.,0.974927912181824,1.,0.974927912181824,1.,0.974927912181824,
1.,0.974927912181824,1.,0.974927912181824,1.,0.974927912181824,1.,0.974927912181824,
1.,0.974927912181824,1.,0.974927912181824,1.,0.974927912181824,1.,0.974927912181824,
1.,0.974927912181824,1.,0.974927912181824,1.,0.974927912181824,1.,0.974927912181824,
1.,0.974927912181824,1.,0.974927912181824,1.,0.974927912181824,1.,0.974927912181824,
1.,0.974927912181824,1.))
REPRESENTATION_ITEM('')
);
#389=ORIENTED_EDGE('',*,*,#771,.T.);
#390=ORIENTED_EDGE('',*,*,#772,.T.);
#391=ORIENTED_EDGE('',*,*,#773,.T.);
#392=ORIENTED_EDGE('',*,*,#774,.T.);
#393=ORIENTED_EDGE('',*,*,#775,.F.);
#394=ORIENTED_EDGE('',*,*,#771,.F.);
#395=ORIENTED_EDGE('',*,*,#776,.F.);
#396=ORIENTED_EDGE('',*,*,#777,.T.);
#397=ORIENTED_EDGE('',*,*,#778,.T.);
#398=ORIENTED_EDGE('',*,*,#779,.F.);
#399=ORIENTED_EDGE('',*,*,#780,.T.);
#400=ORIENTED_EDGE('',*,*,#781,.T.);
#401=ORIENTED_EDGE('',*,*,#782,.T.);
#402=ORIENTED_EDGE('',*,*,#783,.T.);
#403=ORIENTED_EDGE('',*,*,#784,.T.);
#404=ORIENTED_EDGE('',*,*,#785,.T.);
#405=ORIENTED_EDGE('',*,*,#786,.F.);
#406=ORIENTED_EDGE('',*,*,#787,.F.);
#407=ORIENTED_EDGE('',*,*,#788,.T.);
#408=ORIENTED_EDGE('',*,*,#776,.T.);
#409=ORIENTED_EDGE('',*,*,#789,.F.);
#410=ORIENTED_EDGE('',*,*,#790,.F.);
#411=ORIENTED_EDGE('',*,*,#791,.T.);
#412=ORIENTED_EDGE('',*,*,#792,.T.);
#413=ORIENTED_EDGE('',*,*,#793,.T.);
#414=ORIENTED_EDGE('',*,*,#794,.T.);
#415=ORIENTED_EDGE('',*,*,#795,.T.);
#416=ORIENTED_EDGE('',*,*,#796,.T.);
#417=ORIENTED_EDGE('',*,*,#797,.T.);
#418=ORIENTED_EDGE('',*,*,#798,.T.);
#419=ORIENTED_EDGE('',*,*,#799,.T.);
#420=ORIENTED_EDGE('',*,*,#800,.T.);
#421=ORIENTED_EDGE('',*,*,#801,.F.);
#422=ORIENTED_EDGE('',*,*,#802,.F.);
#423=ORIENTED_EDGE('',*,*,#803,.F.);
#424=ORIENTED_EDGE('',*,*,#804,.F.);
#425=ORIENTED_EDGE('',*,*,#805,.F.);
#426=ORIENTED_EDGE('',*,*,#806,.F.);
#427=ORIENTED_EDGE('',*,*,#807,.T.);
#428=ORIENTED_EDGE('',*,*,#808,.T.);
#429=ORIENTED_EDGE('',*,*,#809,.T.);
#430=ORIENTED_EDGE('',*,*,#810,.T.);
#431=ORIENTED_EDGE('',*,*,#811,.F.);
#432=ORIENTED_EDGE('',*,*,#795,.F.);
#433=ORIENTED_EDGE('',*,*,#812,.F.);
#434=ORIENTED_EDGE('',*,*,#813,.T.);
#435=ORIENTED_EDGE('',*,*,#814,.T.);
#436=ORIENTED_EDGE('',*,*,#815,.T.);
#437=ORIENTED_EDGE('',*,*,#816,.F.);
#438=ORIENTED_EDGE('',*,*,#817,.T.);
#439=ORIENTED_EDGE('',*,*,#818,.T.);
#440=ORIENTED_EDGE('',*,*,#819,.T.);
#441=ORIENTED_EDGE('',*,*,#820,.T.);
#442=ORIENTED_EDGE('',*,*,#797,.F.);
#443=ORIENTED_EDGE('',*,*,#821,.F.);
#444=ORIENTED_EDGE('',*,*,#780,.F.);
#445=ORIENTED_EDGE('',*,*,#822,.F.);
#446=ORIENTED_EDGE('',*,*,#823,.T.);
#447=ORIENTED_EDGE('',*,*,#824,.T.);
#448=ORIENTED_EDGE('',*,*,#825,.T.);
#449=ORIENTED_EDGE('',*,*,#826,.F.);
#450=ORIENTED_EDGE('',*,*,#827,.T.);
#451=ORIENTED_EDGE('',*,*,#828,.T.);
#452=ORIENTED_EDGE('',*,*,#829,.T.);
#453=ORIENTED_EDGE('',*,*,#830,.T.);
#454=ORIENTED_EDGE('',*,*,#782,.F.);
#455=ORIENTED_EDGE('',*,*,#831,.F.);
#456=ORIENTED_EDGE('',*,*,#825,.F.);
#457=ORIENTED_EDGE('',*,*,#832,.T.);
#458=ORIENTED_EDGE('',*,*,#827,.F.);
#459=ORIENTED_EDGE('',*,*,#833,.F.);
#460=ORIENTED_EDGE('',*,*,#815,.F.);
#461=ORIENTED_EDGE('',*,*,#834,.T.);
#462=ORIENTED_EDGE('',*,*,#817,.F.);
#463=ORIENTED_EDGE('',*,*,#822,.T.);
#464=ORIENTED_EDGE('',*,*,#794,.F.);
#465=ORIENTED_EDGE('',*,*,#835,.F.);
#466=ORIENTED_EDGE('',*,*,#836,.F.);
#467=ORIENTED_EDGE('',*,*,#812,.T.);
#468=ORIENTED_EDGE('',*,*,#810,.F.);
#469=ORIENTED_EDGE('',*,*,#837,.F.);
#470=ORIENTED_EDGE('',*,*,#838,.F.);
#471=ORIENTED_EDGE('',*,*,#839,.F.);
#472=ORIENTED_EDGE('',*,*,#823,.F.);
#473=ORIENTED_EDGE('',*,*,#836,.T.);
#474=ORIENTED_EDGE('',*,*,#840,.T.);
#475=ORIENTED_EDGE('',*,*,#841,.F.);
#476=ORIENTED_EDGE('',*,*,#842,.T.);
#477=ORIENTED_EDGE('',*,*,#843,.T.);
#478=ORIENTED_EDGE('',*,*,#844,.T.);
#479=ORIENTED_EDGE('',*,*,#845,.T.);
#480=ORIENTED_EDGE('',*,*,#846,.T.);
#481=ORIENTED_EDGE('',*,*,#847,.T.);
#482=ORIENTED_EDGE('',*,*,#848,.F.);
#483=ORIENTED_EDGE('',*,*,#849,.F.);
#484=ORIENTED_EDGE('',*,*,#850,.T.);
#485=ORIENTED_EDGE('',*,*,#851,.T.);
#486=ORIENTED_EDGE('',*,*,#829,.F.);
#487=ORIENTED_EDGE('',*,*,#852,.F.);
#488=ORIENTED_EDGE('',*,*,#853,.T.);
#489=ORIENTED_EDGE('',*,*,#854,.T.);
#490=ORIENTED_EDGE('',*,*,#855,.T.);
#491=ORIENTED_EDGE('',*,*,#856,.T.);
#492=ORIENTED_EDGE('',*,*,#857,.T.);
#493=ORIENTED_EDGE('',*,*,#858,.T.);
#494=ORIENTED_EDGE('',*,*,#786,.T.);
#495=ORIENTED_EDGE('',*,*,#859,.F.);
#496=ORIENTED_EDGE('',*,*,#860,.T.);
#497=ORIENTED_EDGE('',*,*,#861,.T.);
#498=ORIENTED_EDGE('',*,*,#848,.T.);
#499=ORIENTED_EDGE('',*,*,#862,.T.);
#500=ORIENTED_EDGE('',*,*,#863,.T.);
#501=ORIENTED_EDGE('',*,*,#864,.T.);
#502=ORIENTED_EDGE('',*,*,#801,.T.);
#503=ORIENTED_EDGE('',*,*,#865,.T.);
#504=ORIENTED_EDGE('',*,*,#866,.T.);
#505=ORIENTED_EDGE('',*,*,#807,.F.);
#506=ORIENTED_EDGE('',*,*,#867,.F.);
#507=ORIENTED_EDGE('',*,*,#868,.F.);
#508=ORIENTED_EDGE('',*,*,#869,.F.);
#509=ORIENTED_EDGE('',*,*,#842,.F.);
#510=ORIENTED_EDGE('',*,*,#870,.F.);
#511=ORIENTED_EDGE('',*,*,#871,.T.);
#512=ORIENTED_EDGE('',*,*,#872,.T.);
#513=ORIENTED_EDGE('',*,*,#791,.F.);
#514=ORIENTED_EDGE('',*,*,#873,.F.);
#515=ORIENTED_EDGE('',*,*,#874,.F.);
#516=ORIENTED_EDGE('',*,*,#875,.F.);
#517=ORIENTED_EDGE('',*,*,#876,.F.);
#518=ORIENTED_EDGE('',*,*,#877,.F.);
#519=ORIENTED_EDGE('',*,*,#878,.F.);
#520=ORIENTED_EDGE('',*,*,#879,.T.);
#521=ORIENTED_EDGE('',*,*,#880,.T.);
#522=ORIENTED_EDGE('',*,*,#840,.F.);
#523=ORIENTED_EDGE('',*,*,#835,.T.);
#524=ORIENTED_EDGE('',*,*,#793,.F.);
#525=ORIENTED_EDGE('',*,*,#881,.F.);
#526=ORIENTED_EDGE('',*,*,#784,.F.);
#527=ORIENTED_EDGE('',*,*,#882,.F.);
#528=ORIENTED_EDGE('',*,*,#850,.F.);
#529=ORIENTED_EDGE('',*,*,#883,.T.);
#530=ORIENTED_EDGE('',*,*,#884,.T.);
#531=ORIENTED_EDGE('',*,*,#885,.F.);
#532=ORIENTED_EDGE('',*,*,#886,.T.);
#533=ORIENTED_EDGE('',*,*,#887,.T.);
#534=ORIENTED_EDGE('',*,*,#888,.F.);
#535=ORIENTED_EDGE('',*,*,#837,.T.);
#536=ORIENTED_EDGE('',*,*,#809,.F.);
#537=ORIENTED_EDGE('',*,*,#889,.F.);
#538=ORIENTED_EDGE('',*,*,#799,.F.);
#539=ORIENTED_EDGE('',*,*,#890,.F.);
#540=ORIENTED_EDGE('',*,*,#891,.F.);
#541=ORIENTED_EDGE('',*,*,#892,.T.);
#542=ORIENTED_EDGE('',*,*,#893,.T.);
#543=ORIENTED_EDGE('',*,*,#894,.F.);
#544=ORIENTED_EDGE('',*,*,#884,.F.);
#545=ORIENTED_EDGE('',*,*,#895,.T.);
#546=ORIENTED_EDGE('',*,*,#860,.F.);
#547=ORIENTED_EDGE('',*,*,#896,.F.);
#548=ORIENTED_EDGE('',*,*,#893,.F.);
#549=ORIENTED_EDGE('',*,*,#897,.T.);
#550=ORIENTED_EDGE('',*,*,#853,.F.);
#551=ORIENTED_EDGE('',*,*,#898,.F.);
#552=ORIENTED_EDGE('',*,*,#865,.F.);
#553=ORIENTED_EDGE('',*,*,#899,.T.);
#554=ORIENTED_EDGE('',*,*,#886,.F.);
#555=ORIENTED_EDGE('',*,*,#900,.F.);
#556=ORIENTED_EDGE('',*,*,#871,.F.);
#557=ORIENTED_EDGE('',*,*,#901,.T.);
#558=ORIENTED_EDGE('',*,*,#879,.F.);
#559=ORIENTED_EDGE('',*,*,#830,.F.);
#560=ORIENTED_EDGE('',*,*,#851,.F.);
#561=ORIENTED_EDGE('',*,*,#882,.T.);
#562=ORIENTED_EDGE('',*,*,#783,.F.);
#563=ORIENTED_EDGE('',*,*,#820,.F.);
#564=ORIENTED_EDGE('',*,*,#902,.F.);
#565=ORIENTED_EDGE('',*,*,#890,.T.);
#566=ORIENTED_EDGE('',*,*,#798,.F.);
#567=ORIENTED_EDGE('',*,*,#903,.F.);
#568=ORIENTED_EDGE('',*,*,#813,.F.);
#569=ORIENTED_EDGE('',*,*,#838,.T.);
#570=ORIENTED_EDGE('',*,*,#888,.T.);
#571=ORIENTED_EDGE('',*,*,#904,.F.);
#572=ORIENTED_EDGE('',*,*,#876,.T.);
#573=ORIENTED_EDGE('',*,*,#905,.T.);
#574=ORIENTED_EDGE('',*,*,#906,.F.);
#575=ORIENTED_EDGE('',*,*,#778,.F.);
#576=ORIENTED_EDGE('',*,*,#907,.T.);
#577=ORIENTED_EDGE('',*,*,#908,.T.);
#578=ORIENTED_EDGE('',*,*,#855,.F.);
#579=ORIENTED_EDGE('',*,*,#909,.F.);
#580=ORIENTED_EDGE('',*,*,#891,.T.);
#581=ORIENTED_EDGE('',*,*,#902,.T.);
#582=ORIENTED_EDGE('',*,*,#819,.F.);
#583=ORIENTED_EDGE('',*,*,#910,.F.);
#584=ORIENTED_EDGE('',*,*,#911,.T.);
#585=ORIENTED_EDGE('',*,*,#912,.T.);
#586=ORIENTED_EDGE('',*,*,#857,.F.);
#587=ORIENTED_EDGE('',*,*,#913,.T.);
#588=ORIENTED_EDGE('',*,*,#914,.F.);
#589=ORIENTED_EDGE('',*,*,#915,.F.);
#590=ORIENTED_EDGE('',*,*,#804,.T.);
#591=ORIENTED_EDGE('',*,*,#916,.F.);
#592=ORIENTED_EDGE('',*,*,#845,.F.);
#593=ORIENTED_EDGE('',*,*,#917,.T.);
#594=ORIENTED_EDGE('',*,*,#918,.T.);
#595=ORIENTED_EDGE('',*,*,#912,.F.);
#596=ORIENTED_EDGE('',*,*,#919,.T.);
#597=ORIENTED_EDGE('',*,*,#787,.T.);
#598=ORIENTED_EDGE('',*,*,#858,.F.);
#599=ORIENTED_EDGE('',*,*,#908,.F.);
#600=ORIENTED_EDGE('',*,*,#920,.T.);
#601=ORIENTED_EDGE('',*,*,#910,.T.);
#602=ORIENTED_EDGE('',*,*,#856,.F.);
#603=ORIENTED_EDGE('',*,*,#921,.F.);
#604=ORIENTED_EDGE('',*,*,#922,.F.);
#605=ORIENTED_EDGE('',*,*,#923,.T.);
#606=ORIENTED_EDGE('',*,*,#924,.T.);
#607=ORIENTED_EDGE('',*,*,#805,.T.);
#608=ORIENTED_EDGE('',*,*,#915,.T.);
#609=ORIENTED_EDGE('',*,*,#925,.F.);
#610=ORIENTED_EDGE('',*,*,#913,.F.);
#611=ORIENTED_EDGE('',*,*,#803,.T.);
#612=ORIENTED_EDGE('',*,*,#926,.T.);
#613=ORIENTED_EDGE('',*,*,#927,.T.);
#614=ORIENTED_EDGE('',*,*,#928,.F.);
#615=ORIENTED_EDGE('',*,*,#929,.F.);
#616=ORIENTED_EDGE('',*,*,#927,.F.);
#617=ORIENTED_EDGE('',*,*,#930,.T.);
#618=ORIENTED_EDGE('',*,*,#923,.F.);
#619=ORIENTED_EDGE('',*,*,#931,.F.);
#620=ORIENTED_EDGE('',*,*,#932,.T.);
#621=ORIENTED_EDGE('',*,*,#933,.T.);
#622=ORIENTED_EDGE('',*,*,#917,.F.);
#623=ORIENTED_EDGE('',*,*,#844,.F.);
#624=ORIENTED_EDGE('',*,*,#934,.F.);
#625=ORIENTED_EDGE('',*,*,#935,.T.);
#626=ORIENTED_EDGE('',*,*,#936,.T.);
#627=ORIENTED_EDGE('',*,*,#937,.F.);
#628=ORIENTED_EDGE('',*,*,#938,.F.);
#629=ORIENTED_EDGE('',*,*,#846,.F.);
#630=ORIENTED_EDGE('',*,*,#916,.T.);
#631=ORIENTED_EDGE('',*,*,#937,.T.);
#632=ORIENTED_EDGE('',*,*,#939,.T.);
#633=ORIENTED_EDGE('',*,*,#931,.T.);
#634=ORIENTED_EDGE('',*,*,#940,.F.);
#635=ORIENTED_EDGE('',*,*,#941,.T.);
#636=ORIENTED_EDGE('',*,*,#934,.T.);
#637=ORIENTED_EDGE('',*,*,#843,.F.);
#638=ORIENTED_EDGE('',*,*,#869,.T.);
#639=ORIENTED_EDGE('',*,*,#847,.F.);
#640=ORIENTED_EDGE('',*,*,#938,.T.);
#641=ORIENTED_EDGE('',*,*,#942,.T.);
#642=ORIENTED_EDGE('',*,*,#862,.F.);
#643=ORIENTED_EDGE('',*,*,#943,.F.);
#644=ORIENTED_EDGE('',*,*,#944,.F.);
#645=ORIENTED_EDGE('',*,*,#873,.T.);
#646=ORIENTED_EDGE('',*,*,#790,.T.);
#647=ORIENTED_EDGE('',*,*,#924,.F.);
#648=ORIENTED_EDGE('',*,*,#945,.F.);
#649=ORIENTED_EDGE('',*,*,#867,.T.);
#650=ORIENTED_EDGE('',*,*,#806,.T.);
#651=ORIENTED_EDGE('',*,*,#946,.T.);
#652=ORIENTED_EDGE('',*,*,#863,.F.);
#653=ORIENTED_EDGE('',*,*,#942,.F.);
#654=ORIENTED_EDGE('',*,*,#940,.T.);
#655=ORIENTED_EDGE('',*,*,#941,.F.);
#656=ORIENTED_EDGE('',*,*,#868,.T.);
#657=ORIENTED_EDGE('',*,*,#945,.T.);
#658=ORIENTED_EDGE('',*,*,#930,.F.);
#659=ORIENTED_EDGE('',*,*,#947,.T.);
#660=ORIENTED_EDGE('',*,*,#926,.F.);
#661=ORIENTED_EDGE('',*,*,#802,.T.);
#662=ORIENTED_EDGE('',*,*,#864,.F.);
#663=ORIENTED_EDGE('',*,*,#947,.F.);
#664=ORIENTED_EDGE('',*,*,#948,.F.);
#665=ORIENTED_EDGE('',*,*,#905,.F.);
#666=ORIENTED_EDGE('',*,*,#875,.T.);
#667=ORIENTED_EDGE('',*,*,#949,.T.);
#668=ORIENTED_EDGE('',*,*,#950,.F.);
#669=ORIENTED_EDGE('',*,*,#949,.F.);
#670=ORIENTED_EDGE('',*,*,#874,.T.);
#671=ORIENTED_EDGE('',*,*,#944,.T.);
#672=ORIENTED_EDGE('',*,*,#936,.F.);
#673=ORIENTED_EDGE('',*,*,#951,.F.);
#674=ORIENTED_EDGE('',*,*,#932,.F.);
#675=ORIENTED_EDGE('',*,*,#939,.F.);
#676=ORIENTED_EDGE('',*,*,#935,.F.);
#677=ORIENTED_EDGE('',*,*,#918,.F.);
#678=ORIENTED_EDGE('',*,*,#933,.F.);
#679=ORIENTED_EDGE('',*,*,#951,.T.);
#680=ORIENTED_EDGE('',*,*,#952,.T.);
#681=ORIENTED_EDGE('',*,*,#928,.T.);
#682=ORIENTED_EDGE('',*,*,#929,.T.);
#683=ORIENTED_EDGE('',*,*,#922,.T.);
#684=ORIENTED_EDGE('',*,*,#925,.T.);
#685=ORIENTED_EDGE('',*,*,#952,.F.);
#686=ORIENTED_EDGE('',*,*,#921,.T.);
#687=ORIENTED_EDGE('',*,*,#914,.T.);
#688=ORIENTED_EDGE('',*,*,#950,.T.);
#689=ORIENTED_EDGE('',*,*,#943,.T.);
#690=ORIENTED_EDGE('',*,*,#789,.T.);
#691=ORIENTED_EDGE('',*,*,#779,.T.);
#692=ORIENTED_EDGE('',*,*,#906,.T.);
#693=ORIENTED_EDGE('',*,*,#948,.T.);
#694=ORIENTED_EDGE('',*,*,#919,.F.);
#695=ORIENTED_EDGE('',*,*,#911,.F.);
#696=ORIENTED_EDGE('',*,*,#920,.F.);
#697=ORIENTED_EDGE('',*,*,#907,.F.);
#698=ORIENTED_EDGE('',*,*,#777,.F.);
#699=ORIENTED_EDGE('',*,*,#788,.F.);
#700=ORIENTED_EDGE('',*,*,#870,.T.);
#701=ORIENTED_EDGE('',*,*,#841,.T.);
#702=ORIENTED_EDGE('',*,*,#880,.F.);
#703=ORIENTED_EDGE('',*,*,#901,.F.);
#704=ORIENTED_EDGE('',*,*,#872,.F.);
#705=ORIENTED_EDGE('',*,*,#900,.T.);
#706=ORIENTED_EDGE('',*,*,#878,.T.);
#707=ORIENTED_EDGE('',*,*,#792,.F.);
#708=ORIENTED_EDGE('',*,*,#877,.T.);
#709=ORIENTED_EDGE('',*,*,#904,.T.);
#710=ORIENTED_EDGE('',*,*,#887,.F.);
#711=ORIENTED_EDGE('',*,*,#899,.F.);
#712=ORIENTED_EDGE('',*,*,#866,.F.);
#713=ORIENTED_EDGE('',*,*,#898,.T.);
#714=ORIENTED_EDGE('',*,*,#885,.T.);
#715=ORIENTED_EDGE('',*,*,#808,.F.);
#716=ORIENTED_EDGE('',*,*,#897,.F.);
#717=ORIENTED_EDGE('',*,*,#892,.F.);
#718=ORIENTED_EDGE('',*,*,#909,.T.);
#719=ORIENTED_EDGE('',*,*,#854,.F.);
#720=ORIENTED_EDGE('',*,*,#852,.T.);
#721=ORIENTED_EDGE('',*,*,#800,.F.);
#722=ORIENTED_EDGE('',*,*,#889,.T.);
#723=ORIENTED_EDGE('',*,*,#896,.T.);
#724=ORIENTED_EDGE('',*,*,#895,.F.);
#725=ORIENTED_EDGE('',*,*,#883,.F.);
#726=ORIENTED_EDGE('',*,*,#849,.T.);
#727=ORIENTED_EDGE('',*,*,#861,.F.);
#728=ORIENTED_EDGE('',*,*,#859,.T.);
#729=ORIENTED_EDGE('',*,*,#785,.F.);
#730=ORIENTED_EDGE('',*,*,#881,.T.);
#731=ORIENTED_EDGE('',*,*,#894,.T.);
#732=ORIENTED_EDGE('',*,*,#903,.T.);
#733=ORIENTED_EDGE('',*,*,#818,.F.);
#734=ORIENTED_EDGE('',*,*,#834,.F.);
#735=ORIENTED_EDGE('',*,*,#814,.F.);
#736=ORIENTED_EDGE('',*,*,#811,.T.);
#737=ORIENTED_EDGE('',*,*,#833,.T.);
#738=ORIENTED_EDGE('',*,*,#816,.T.);
#739=ORIENTED_EDGE('',*,*,#796,.F.);
#740=ORIENTED_EDGE('',*,*,#839,.T.);
#741=ORIENTED_EDGE('',*,*,#828,.F.);
#742=ORIENTED_EDGE('',*,*,#832,.F.);
#743=ORIENTED_EDGE('',*,*,#824,.F.);
#744=ORIENTED_EDGE('',*,*,#821,.T.);
#745=ORIENTED_EDGE('',*,*,#831,.T.);
#746=ORIENTED_EDGE('',*,*,#826,.T.);
#747=ORIENTED_EDGE('',*,*,#781,.F.);
#748=ORIENTED_EDGE('',*,*,#772,.F.);
#749=ORIENTED_EDGE('',*,*,#953,.F.);
#750=ORIENTED_EDGE('',*,*,#946,.F.);
#751=ORIENTED_EDGE('',*,*,#954,.T.);
#752=ORIENTED_EDGE('',*,*,#773,.F.);
#753=ORIENTED_EDGE('',*,*,#955,.F.);
#754=ORIENTED_EDGE('',*,*,#956,.T.);
#755=ORIENTED_EDGE('',*,*,#957,.T.);
#756=ORIENTED_EDGE('',*,*,#956,.F.);
#757=ORIENTED_EDGE('',*,*,#958,.F.);
#758=ORIENTED_EDGE('',*,*,#959,.T.);
#759=ORIENTED_EDGE('',*,*,#960,.T.);
#760=ORIENTED_EDGE('',*,*,#959,.F.);
#761=ORIENTED_EDGE('',*,*,#961,.F.);
#762=ORIENTED_EDGE('',*,*,#775,.T.);
#763=ORIENTED_EDGE('',*,*,#955,.T.);
#764=ORIENTED_EDGE('',*,*,#953,.T.);
#765=ORIENTED_EDGE('',*,*,#961,.T.);
#766=ORIENTED_EDGE('',*,*,#958,.T.);
#767=ORIENTED_EDGE('',*,*,#957,.F.);
#768=ORIENTED_EDGE('',*,*,#960,.F.);
#769=ORIENTED_EDGE('',*,*,#774,.F.);
#770=ORIENTED_EDGE('',*,*,#954,.F.);
#771=EDGE_CURVE('',#962,#962,#1088,.F.);
#772=EDGE_CURVE('',#963,#964,#1089,.T.);
#773=EDGE_CURVE('',#964,#965,#385,.T.);
#774=EDGE_CURVE('',#965,#966,#1090,.F.);
#775=EDGE_CURVE('',#963,#966,#386,.T.);
#776=EDGE_CURVE('',#967,#968,#39,.T.);
#777=EDGE_CURVE('',#967,#969,#40,.T.);
#778=EDGE_CURVE('',#969,#970,#41,.T.);
#779=EDGE_CURVE('',#968,#970,#42,.T.);
#780=EDGE_CURVE('',#971,#972,#43,.T.);
#781=EDGE_CURVE('',#972,#973,#44,.T.);
#782=EDGE_CURVE('',#973,#974,#45,.T.);
#783=EDGE_CURVE('',#974,#975,#46,.T.);
#784=EDGE_CURVE('',#975,#976,#47,.T.);
#785=EDGE_CURVE('',#976,#977,#48,.T.);
#786=EDGE_CURVE('',#978,#977,#49,.T.);
#787=EDGE_CURVE('',#979,#978,#50,.F.);
#788=EDGE_CURVE('',#979,#967,#51,.T.);
#789=EDGE_CURVE('',#980,#968,#52,.T.);
#790=EDGE_CURVE('',#981,#980,#53,.F.);
#791=EDGE_CURVE('',#981,#982,#54,.T.);
#792=EDGE_CURVE('',#982,#983,#55,.T.);
#793=EDGE_CURVE('',#983,#984,#56,.T.);
#794=EDGE_CURVE('',#984,#971,#57,.T.);
#795=EDGE_CURVE('',#985,#986,#58,.T.);
#796=EDGE_CURVE('',#986,#987,#59,.T.);
#797=EDGE_CURVE('',#987,#988,#60,.T.);
#798=EDGE_CURVE('',#988,#989,#61,.T.);
#799=EDGE_CURVE('',#989,#990,#62,.T.);
#800=EDGE_CURVE('',#990,#991,#63,.T.);
#801=EDGE_CURVE('',#992,#991,#64,.T.);
#802=EDGE_CURVE('',#993,#992,#65,.T.);
#803=EDGE_CURVE('',#994,#993,#66,.T.);
#804=EDGE_CURVE('',#995,#994,#67,.T.);
#805=EDGE_CURVE('',#996,#995,#68,.T.);
#806=EDGE_CURVE('',#997,#996,#69,.F.);
#807=EDGE_CURVE('',#997,#998,#70,.T.);
#808=EDGE_CURVE('',#998,#999,#71,.T.);
#809=EDGE_CURVE('',#999,#1000,#72,.T.);
#810=EDGE_CURVE('',#1000,#985,#73,.T.);
#811=EDGE_CURVE('',#986,#1001,#74,.T.);
#812=EDGE_CURVE('',#1002,#985,#75,.T.);
#813=EDGE_CURVE('',#1002,#1003,#76,.T.);
#814=EDGE_CURVE('',#1003,#1004,#77,.T.);
#815=EDGE_CURVE('',#1004,#1001,#78,.T.);
#816=EDGE_CURVE('',#1005,#987,#79,.T.);
#817=EDGE_CURVE('',#1005,#1006,#80,.F.);
#818=EDGE_CURVE('',#1006,#1007,#81,.T.);
#819=EDGE_CURVE('',#1007,#1008,#82,.T.);
#820=EDGE_CURVE('',#1008,#988,#83,.T.);
#821=EDGE_CURVE('',#972,#1009,#84,.T.);
#822=EDGE_CURVE('',#1010,#971,#85,.T.);
#823=EDGE_CURVE('',#1010,#1011,#86,.T.);
#824=EDGE_CURVE('',#1011,#1012,#87,.T.);
#825=EDGE_CURVE('',#1012,#1009,#88,.T.);
#826=EDGE_CURVE('',#1013,#973,#89,.T.);
#827=EDGE_CURVE('',#1013,#1014,#90,.F.);
#828=EDGE_CURVE('',#1014,#1015,#91,.T.);
#829=EDGE_CURVE('',#1015,#1016,#92,.T.);
#830=EDGE_CURVE('',#1016,#974,#93,.T.);
#831=EDGE_CURVE('',#1009,#1013,#27,.F.);
#832=EDGE_CURVE('',#1012,#1014,#28,.F.);
#833=EDGE_CURVE('',#1001,#1005,#29,.F.);
#834=EDGE_CURVE('',#1004,#1006,#30,.F.);
#835=EDGE_CURVE('',#1017,#984,#94,.T.);
#836=EDGE_CURVE('',#1010,#1017,#95,.T.);
#837=EDGE_CURVE('',#1018,#1000,#96,.T.);
#838=EDGE_CURVE('',#1002,#1018,#97,.T.);
#839=EDGE_CURVE('',#1011,#1015,#98,.T.);
#840=EDGE_CURVE('',#1017,#1019,#99,.T.);
#841=EDGE_CURVE('',#1020,#1019,#100,.T.);
#842=EDGE_CURVE('',#1020,#1021,#101,.T.);
#843=EDGE_CURVE('',#1021,#1022,#102,.F.);
#844=EDGE_CURVE('',#1022,#1023,#103,.T.);
#845=EDGE_CURVE('',#1023,#1024,#104,.T.);
#846=EDGE_CURVE('',#1024,#1025,#105,.T.);
#847=EDGE_CURVE('',#1025,#1026,#106,.T.);
#848=EDGE_CURVE('',#1027,#1026,#107,.T.);
#849=EDGE_CURVE('',#1028,#1027,#108,.T.);
#850=EDGE_CURVE('',#1028,#1029,#109,.T.);
#851=EDGE_CURVE('',#1029,#1016,#110,.T.);
#852=EDGE_CURVE('',#1030,#991,#111,.T.);
#853=EDGE_CURVE('',#1030,#1031,#112,.T.);
#854=EDGE_CURVE('',#1031,#1032,#113,.T.);
#855=EDGE_CURVE('',#1032,#1033,#114,.T.);
#856=EDGE_CURVE('',#1033,#1034,#1091,.F.);
#857=EDGE_CURVE('',#1034,#1035,#115,.T.);
#858=EDGE_CURVE('',#1035,#978,#1092,.F.);
#859=EDGE_CURVE('',#1036,#977,#116,.T.);
#860=EDGE_CURVE('',#1036,#1037,#117,.T.);
#861=EDGE_CURVE('',#1037,#1027,#118,.T.);
#862=EDGE_CURVE('',#1026,#1038,#1093,.T.);
#863=EDGE_CURVE('',#1038,#1039,#119,.T.);
#864=EDGE_CURVE('',#1039,#992,#1094,.T.);
#865=EDGE_CURVE('',#1040,#1041,#120,.T.);
#866=EDGE_CURVE('',#1041,#998,#121,.T.);
#867=EDGE_CURVE('',#1042,#997,#1095,.T.);
#868=EDGE_CURVE('',#1043,#1042,#122,.T.);
#869=EDGE_CURVE('',#1021,#1043,#1096,.T.);
#870=EDGE_CURVE('',#1044,#1020,#123,.T.);
#871=EDGE_CURVE('',#1044,#1045,#124,.T.);
#872=EDGE_CURVE('',#1045,#982,#125,.T.);
#873=EDGE_CURVE('',#1046,#981,#1097,.F.);
#874=EDGE_CURVE('',#1047,#1046,#126,.T.);
#875=EDGE_CURVE('',#1048,#1047,#1098,.F.);
#876=EDGE_CURVE('',#1049,#1048,#127,.T.);
#877=EDGE_CURVE('',#1040,#1049,#128,.T.);
#878=EDGE_CURVE('',#1050,#983,#129,.T.);
#879=EDGE_CURVE('',#1050,#1051,#130,.F.);
#880=EDGE_CURVE('',#1051,#1019,#131,.T.);
#881=EDGE_CURVE('',#976,#1052,#132,.T.);
#882=EDGE_CURVE('',#1029,#975,#133,.T.);
#883=EDGE_CURVE('',#1028,#1053,#134,.T.);
#884=EDGE_CURVE('',#1053,#1052,#135,.T.);
#885=EDGE_CURVE('',#1054,#999,#136,.T.);
#886=EDGE_CURVE('',#1054,#1055,#137,.F.);
#887=EDGE_CURVE('',#1055,#1056,#138,.T.);
#888=EDGE_CURVE('',#1018,#1056,#139,.T.);
#889=EDGE_CURVE('',#990,#1057,#140,.T.);
#890=EDGE_CURVE('',#1058,#989,#141,.T.);
#891=EDGE_CURVE('',#1059,#1058,#142,.T.);
#892=EDGE_CURVE('',#1059,#1060,#143,.T.);
#893=EDGE_CURVE('',#1060,#1057,#144,.F.);
#894=EDGE_CURVE('',#1052,#1036,#31,.F.);
#895=EDGE_CURVE('',#1053,#1037,#32,.F.);
#896=EDGE_CURVE('',#1057,#1030,#33,.F.);
#897=EDGE_CURVE('',#1060,#1031,#34,.F.);
#898=EDGE_CURVE('',#1041,#1054,#35,.F.);
#899=EDGE_CURVE('',#1040,#1055,#36,.F.);
#900=EDGE_CURVE('',#1045,#1050,#37,.F.);
#901=EDGE_CURVE('',#1044,#1051,#38,.F.);
#902=EDGE_CURVE('',#1058,#1008,#145,.T.);
#903=EDGE_CURVE('',#1003,#1007,#146,.T.);
#904=EDGE_CURVE('',#1049,#1056,#147,.T.);
#905=EDGE_CURVE('',#1048,#1061,#148,.T.);
#906=EDGE_CURVE('',#970,#1061,#149,.T.);
#907=EDGE_CURVE('',#969,#1062,#150,.T.);
#908=EDGE_CURVE('',#1062,#1033,#151,.T.);
#909=EDGE_CURVE('',#1059,#1032,#152,.T.);
#910=EDGE_CURVE('',#1063,#1034,#153,.F.);
#911=EDGE_CURVE('',#1063,#1064,#154,.T.);
#912=EDGE_CURVE('',#1064,#1035,#155,.T.);
#913=EDGE_CURVE('',#994,#1065,#156,.T.);
#914=EDGE_CURVE('',#1066,#1065,#157,.T.);
#915=EDGE_CURVE('',#995,#1066,#158,.T.);
#916=EDGE_CURVE('',#1024,#1067,#159,.T.);
#917=EDGE_CURVE('',#1023,#1068,#160,.T.);
#918=EDGE_CURVE('',#1068,#1067,#161,.T.);
#919=EDGE_CURVE('',#1064,#979,#1099,.T.);
#920=EDGE_CURVE('',#1062,#1063,#1100,.T.);
#921=EDGE_CURVE('',#1069,#1066,#162,.T.);
#922=EDGE_CURVE('',#1070,#1069,#163,.T.);
#923=EDGE_CURVE('',#1070,#1071,#164,.T.);
#924=EDGE_CURVE('',#1071,#996,#1101,.F.);
#925=EDGE_CURVE('',#1065,#1072,#165,.T.);
#926=EDGE_CURVE('',#993,#1073,#1102,.F.);
#927=EDGE_CURVE('',#1073,#1074,#166,.T.);
#928=EDGE_CURVE('',#1072,#1074,#167,.T.);
#929=EDGE_CURVE('',#1074,#1070,#168,.T.);
#930=EDGE_CURVE('',#1073,#1071,#169,.F.);
#931=EDGE_CURVE('',#1075,#1076,#170,.T.);
#932=EDGE_CURVE('',#1075,#1077,#171,.T.);
#933=EDGE_CURVE('',#1077,#1068,#172,.T.);
#934=EDGE_CURVE('',#1076,#1022,#1103,.F.);
#935=EDGE_CURVE('',#1067,#1078,#173,.T.);
#936=EDGE_CURVE('',#1078,#1079,#174,.T.);
#937=EDGE_CURVE('',#1080,#1079,#175,.T.);
#938=EDGE_CURVE('',#1025,#1080,#1104,.F.);
#939=EDGE_CURVE('',#1079,#1075,#176,.T.);
#940=EDGE_CURVE('',#1080,#1076,#177,.T.);
#941=EDGE_CURVE('',#1043,#1076,#178,.T.);
#942=EDGE_CURVE('',#1080,#1038,#179,.F.);
#943=EDGE_CURVE('',#1081,#980,#1105,.T.);
#944=EDGE_CURVE('',#1046,#1081,#180,.T.);
#945=EDGE_CURVE('',#1042,#1071,#181,.T.);
#946=EDGE_CURVE('',#1082,#1082,#1106,.F.);
#947=EDGE_CURVE('',#1073,#1039,#182,.F.);
#948=EDGE_CURVE('',#1061,#1083,#1107,.T.);
#949=EDGE_CURVE('',#1047,#1083,#183,.F.);
#950=EDGE_CURVE('',#1083,#1081,#184,.T.);
#951=EDGE_CURVE('',#1077,#1078,#185,.T.);
#952=EDGE_CURVE('',#1069,#1072,#186,.T.);
#953=EDGE_CURVE('',#964,#963,#1108,.F.);
#954=EDGE_CURVE('',#1084,#965,#20,.T.);
#955=EDGE_CURVE('',#1085,#964,#21,.T.);
#956=EDGE_CURVE('',#1085,#1084,#387,.T.);
#957=EDGE_CURVE('',#1086,#1084,#1109,.T.);
#958=EDGE_CURVE('',#1087,#1085,#1110,.T.);
#959=EDGE_CURVE('',#1087,#1086,#388,.T.);
#960=EDGE_CURVE('',#966,#1086,#22,.T.);
#961=EDGE_CURVE('',#963,#1087,#23,.T.);
#962=VERTEX_POINT('',#1814);
#963=VERTEX_POINT('',#1816);
#964=VERTEX_POINT('',#1817);
#965=VERTEX_POINT('',#2043);
#966=VERTEX_POINT('',#2045);
#967=VERTEX_POINT('',#2273);
#968=VERTEX_POINT('',#2274);
#969=VERTEX_POINT('',#2276);
#970=VERTEX_POINT('',#2278);
#971=VERTEX_POINT('',#2282);
#972=VERTEX_POINT('',#2283);
#973=VERTEX_POINT('',#2285);
#974=VERTEX_POINT('',#2287);
#975=VERTEX_POINT('',#2289);
#976=VERTEX_POINT('',#2291);
#977=VERTEX_POINT('',#2293);
#978=VERTEX_POINT('',#2295);
#979=VERTEX_POINT('',#2297);
#980=VERTEX_POINT('',#2300);
#981=VERTEX_POINT('',#2302);
#982=VERTEX_POINT('',#2304);
#983=VERTEX_POINT('',#2306);
#984=VERTEX_POINT('',#2308);
#985=VERTEX_POINT('',#2312);
#986=VERTEX_POINT('',#2313);
#987=VERTEX_POINT('',#2315);
#988=VERTEX_POINT('',#2317);
#989=VERTEX_POINT('',#2319);
#990=VERTEX_POINT('',#2321);
#991=VERTEX_POINT('',#2323);
#992=VERTEX_POINT('',#2325);
#993=VERTEX_POINT('',#2327);
#994=VERTEX_POINT('',#2329);
#995=VERTEX_POINT('',#2331);
#996=VERTEX_POINT('',#2333);
#997=VERTEX_POINT('',#2335);
#998=VERTEX_POINT('',#2337);
#999=VERTEX_POINT('',#2339);
#1000=VERTEX_POINT('',#2341);
#1001=VERTEX_POINT('',#2345);
#1002=VERTEX_POINT('',#2347);
#1003=VERTEX_POINT('',#2349);
#1004=VERTEX_POINT('',#2351);
#1005=VERTEX_POINT('',#2355);
#1006=VERTEX_POINT('',#2357);
#1007=VERTEX_POINT('',#2359);
#1008=VERTEX_POINT('',#2361);
#1009=VERTEX_POINT('',#2365);
#1010=VERTEX_POINT('',#2367);
#1011=VERTEX_POINT('',#2369);
#1012=VERTEX_POINT('',#2371);
#1013=VERTEX_POINT('',#2375);
#1014=VERTEX_POINT('',#2377);
#1015=VERTEX_POINT('',#2379);
#1016=VERTEX_POINT('',#2381);
#1017=VERTEX_POINT('',#2391);
#1018=VERTEX_POINT('',#2395);
#1019=VERTEX_POINT('',#2400);
#1020=VERTEX_POINT('',#2402);
#1021=VERTEX_POINT('',#2404);
#1022=VERTEX_POINT('',#2406);
#1023=VERTEX_POINT('',#2408);
#1024=VERTEX_POINT('',#2410);
#1025=VERTEX_POINT('',#2412);
#1026=VERTEX_POINT('',#2414);
#1027=VERTEX_POINT('',#2416);
#1028=VERTEX_POINT('',#2418);
#1029=VERTEX_POINT('',#2420);
#1030=VERTEX_POINT('',#2424);
#1031=VERTEX_POINT('',#2426);
#1032=VERTEX_POINT('',#2428);
#1033=VERTEX_POINT('',#2430);
#1034=VERTEX_POINT('',#2432);
#1035=VERTEX_POINT('',#2434);
#1036=VERTEX_POINT('',#2437);
#1037=VERTEX_POINT('',#2439);
#1038=VERTEX_POINT('',#2442);
#1039=VERTEX_POINT('',#2444);
#1040=VERTEX_POINT('',#2448);
#1041=VERTEX_POINT('',#2449);
#1042=VERTEX_POINT('',#2452);
#1043=VERTEX_POINT('',#2454);
#1044=VERTEX_POINT('',#2457);
#1045=VERTEX_POINT('',#2459);
#1046=VERTEX_POINT('',#2462);
#1047=VERTEX_POINT('',#2464);
#1048=VERTEX_POINT('',#2466);
#1049=VERTEX_POINT('',#2468);
#1050=VERTEX_POINT('',#2472);
#1051=VERTEX_POINT('',#2474);
#1052=VERTEX_POINT('',#2478);
#1053=VERTEX_POINT('',#2481);
#1054=VERTEX_POINT('',#2485);
#1055=VERTEX_POINT('',#2487);
#1056=VERTEX_POINT('',#2489);
#1057=VERTEX_POINT('',#2493);
#1058=VERTEX_POINT('',#2495);
#1059=VERTEX_POINT('',#2497);
#1060=VERTEX_POINT('',#2499);
#1061=VERTEX_POINT('',#2520);
#1062=VERTEX_POINT('',#2523);
#1063=VERTEX_POINT('',#2528);
#1064=VERTEX_POINT('',#2530);
#1065=VERTEX_POINT('',#2534);
#1066=VERTEX_POINT('',#2536);
#1067=VERTEX_POINT('',#2540);
#1068=VERTEX_POINT('',#2542);
#1069=VERTEX_POINT('',#2550);
#1070=VERTEX_POINT('',#2552);
#1071=VERTEX_POINT('',#2554);
#1072=VERTEX_POINT('',#2558);
#1073=VERTEX_POINT('',#2560);
#1074=VERTEX_POINT('',#2562);
#1075=VERTEX_POINT('',#2569);
#1076=VERTEX_POINT('',#2570);
#1077=VERTEX_POINT('',#2572);
#1078=VERTEX_POINT('',#2577);
#1079=VERTEX_POINT('',#2579);
#1080=VERTEX_POINT('',#2581);
#1081=VERTEX_POINT('',#2592);
#1082=VERTEX_POINT('',#2598);
#1083=VERTEX_POINT('',#2603);
#1084=VERTEX_POINT('',#2842);
#1085=VERTEX_POINT('',#2850);
#1086=VERTEX_POINT('',#3078);
#1087=VERTEX_POINT('',#3080);
#1088=CIRCLE('',#1356,3.323503376676);
#1089=CIRCLE('',#1357,3.323503376676);
#1090=CIRCLE('',#1358,3.323503376676);
#1091=CIRCLE('',#1376,0.75);
#1092=CIRCLE('',#1377,0.75);
#1093=CIRCLE('',#1378,1.5);
#1094=CIRCLE('',#1379,1.5);
#1095=CIRCLE('',#1381,1.5);
#1096=CIRCLE('',#1382,1.5);
#1097=CIRCLE('',#1383,0.75);
#1098=CIRCLE('',#1384,0.75);
#1099=CIRCLE('',#1408,0.75);
#1100=CIRCLE('',#1410,0.75);
#1101=CIRCLE('',#1412,1.5);
#1102=CIRCLE('',#1414,1.5);
#1103=CIRCLE('',#1417,1.5);
#1104=CIRCLE('',#1419,1.5);
#1105=CIRCLE('',#1424,0.75);
#1106=CIRCLE('',#1427,3.823503376676);
#1107=CIRCLE('',#1430,0.75);
#1108=CIRCLE('',#1451,3.323503376676);
#1109=CIRCLE('',#1453,4.00008572338259);
#1110=CIRCLE('',#1454,4.00008572338259);
#1111=EDGE_LOOP('',(#389));
#1112=EDGE_LOOP('',(#390,#391,#392,#393));
#1113=EDGE_LOOP('',(#394));
#1114=EDGE_LOOP('',(#395,#396,#397,#398));
#1115=EDGE_LOOP('',(#399,#400,#401,#402,#403,#404,#405,#406,#407,#408,#409,
#410,#411,#412,#413,#414));
#1116=EDGE_LOOP('',(#415,#416,#417,#418,#419,#420,#421,#422,#423,#424,#425,
#426,#427,#428,#429,#430));
#1117=EDGE_LOOP('',(#431,#432,#433,#434,#435,#436));
#1118=EDGE_LOOP('',(#437,#438,#439,#440,#441,#442));
#1119=EDGE_LOOP('',(#443,#444,#445,#446,#447,#448));
#1120=EDGE_LOOP('',(#449,#450,#451,#452,#453,#454));
#1121=EDGE_LOOP('',(#455,#456,#457,#458));
#1122=EDGE_LOOP('',(#459,#460,#461,#462));
#1123=EDGE_LOOP('',(#463,#464,#465,#466));
#1124=EDGE_LOOP('',(#467,#468,#469,#470));
#1125=EDGE_LOOP('',(#471,#472,#473,#474,#475,#476,#477,#478,#479,#480,#481,
#482,#483,#484,#485,#486));
#1126=EDGE_LOOP('',(#487,#488,#489,#490,#491,#492,#493,#494,#495,#496,#497,
#498,#499,#500,#501,#502));
#1127=EDGE_LOOP('',(#503,#504,#505,#506,#507,#508,#509,#510,#511,#512,#513,
#514,#515,#516,#517,#518));
#1128=EDGE_LOOP('',(#519,#520,#521,#522,#523,#524));
#1129=EDGE_LOOP('',(#525,#526,#527,#528,#529,#530));
#1130=EDGE_LOOP('',(#531,#532,#533,#534,#535,#536));
#1131=EDGE_LOOP('',(#537,#538,#539,#540,#541,#542));
#1132=EDGE_LOOP('',(#543,#544,#545,#546));
#1133=EDGE_LOOP('',(#547,#548,#549,#550));
#1134=EDGE_LOOP('',(#551,#552,#553,#554));
#1135=EDGE_LOOP('',(#555,#556,#557,#558));
#1136=EDGE_LOOP('',(#559,#560,#561,#562));
#1137=EDGE_LOOP('',(#563,#564,#565,#566));
#1138=EDGE_LOOP('',(#567,#568,#569,#570,#571,#572,#573,#574,#575,#576,#577,
#578,#579,#580,#581,#582));
#1139=EDGE_LOOP('',(#583,#584,#585,#586));
#1140=EDGE_LOOP('',(#587,#588,#589,#590));
#1141=EDGE_LOOP('',(#591,#592,#593,#594));
#1142=EDGE_LOOP('',(#595,#596,#597,#598));
#1143=EDGE_LOOP('',(#599,#600,#601,#602));
#1144=EDGE_LOOP('',(#603,#604,#605,#606,#607,#608));
#1145=EDGE_LOOP('',(#609,#610,#611,#612,#613,#614));
#1146=EDGE_LOOP('',(#615,#616,#617,#618));
#1147=EDGE_LOOP('',(#619,#620,#621,#622,#623,#624));
#1148=EDGE_LOOP('',(#625,#626,#627,#628,#629,#630));
#1149=EDGE_LOOP('',(#631,#632,#633,#634));
#1150=EDGE_LOOP('',(#635,#636,#637,#638));
#1151=EDGE_LOOP('',(#639,#640,#641,#642));
#1152=EDGE_LOOP('',(#643,#644,#645,#646));
#1153=EDGE_LOOP('',(#647,#648,#649,#650));
#1154=EDGE_LOOP('',(#651));
#1155=EDGE_LOOP('',(#652,#653,#654,#655,#656,#657,#658,#659));
#1156=EDGE_LOOP('',(#660,#661,#662,#663));
#1157=EDGE_LOOP('',(#664,#665,#666,#667));
#1158=EDGE_LOOP('',(#668,#669,#670,#671));
#1159=EDGE_LOOP('',(#672,#673,#674,#675));
#1160=EDGE_LOOP('',(#676,#677,#678,#679));
#1161=EDGE_LOOP('',(#680,#681,#682,#683));
#1162=EDGE_LOOP('',(#684,#685,#686,#687));
#1163=EDGE_LOOP('',(#688,#689,#690,#691,#692,#693));
#1164=EDGE_LOOP('',(#694,#695,#696,#697,#698,#699));
#1165=EDGE_LOOP('',(#700,#701,#702,#703));
#1166=EDGE_LOOP('',(#704,#705,#706,#707));
#1167=EDGE_LOOP('',(#708,#709,#710,#711));
#1168=EDGE_LOOP('',(#712,#713,#714,#715));
#1169=EDGE_LOOP('',(#716,#717,#718,#719));
#1170=EDGE_LOOP('',(#720,#721,#722,#723));
#1171=EDGE_LOOP('',(#724,#725,#726,#727));
#1172=EDGE_LOOP('',(#728,#729,#730,#731));
#1173=EDGE_LOOP('',(#732,#733,#734,#735));
#1174=EDGE_LOOP('',(#736,#737,#738,#739));
#1175=EDGE_LOOP('',(#740,#741,#742,#743));
#1176=EDGE_LOOP('',(#744,#745,#746,#747));
#1177=EDGE_LOOP('',(#748,#749));
#1178=EDGE_LOOP('',(#750));
#1179=EDGE_LOOP('',(#751,#752,#753,#754));
#1180=EDGE_LOOP('',(#755,#756,#757,#758));
#1181=EDGE_LOOP('',(#759,#760,#761,#762));
#1182=EDGE_LOOP('',(#763,#764,#765,#766));
#1183=EDGE_LOOP('',(#767,#768,#769,#770));
#1184=FACE_BOUND('',#1111,.T.);
#1185=FACE_BOUND('',#1112,.T.);
#1186=FACE_BOUND('',#1113,.T.);
#1187=FACE_BOUND('',#1114,.T.);
#1188=FACE_BOUND('',#1115,.T.);
#1189=FACE_BOUND('',#1116,.T.);
#1190=FACE_BOUND('',#1117,.T.);
#1191=FACE_BOUND('',#1118,.T.);
#1192=FACE_BOUND('',#1119,.T.);
#1193=FACE_BOUND('',#1120,.T.);
#1194=FACE_BOUND('',#1121,.T.);
#1195=FACE_BOUND('',#1122,.T.);
#1196=FACE_BOUND('',#1123,.T.);
#1197=FACE_BOUND('',#1124,.T.);
#1198=FACE_BOUND('',#1125,.T.);
#1199=FACE_BOUND('',#1126,.T.);
#1200=FACE_BOUND('',#1127,.T.);
#1201=FACE_BOUND('',#1128,.T.);
#1202=FACE_BOUND('',#1129,.T.);
#1203=FACE_BOUND('',#1130,.T.);
#1204=FACE_BOUND('',#1131,.T.);
#1205=FACE_BOUND('',#1132,.T.);
#1206=FACE_BOUND('',#1133,.T.);
#1207=FACE_BOUND('',#1134,.T.);
#1208=FACE_BOUND('',#1135,.T.);
#1209=FACE_BOUND('',#1136,.T.);
#1210=FACE_BOUND('',#1137,.T.);
#1211=FACE_BOUND('',#1138,.T.);
#1212=FACE_BOUND('',#1139,.T.);
#1213=FACE_BOUND('',#1140,.T.);
#1214=FACE_BOUND('',#1141,.T.);
#1215=FACE_BOUND('',#1142,.T.);
#1216=FACE_BOUND('',#1143,.T.);
#1217=FACE_BOUND('',#1144,.T.);
#1218=FACE_BOUND('',#1145,.T.);
#1219=FACE_BOUND('',#1146,.T.);
#1220=FACE_BOUND('',#1147,.T.);
#1221=FACE_BOUND('',#1148,.T.);
#1222=FACE_BOUND('',#1149,.T.);
#1223=FACE_BOUND('',#1150,.T.);
#1224=FACE_BOUND('',#1151,.T.);
#1225=FACE_BOUND('',#1152,.T.);
#1226=FACE_BOUND('',#1153,.T.);
#1227=FACE_BOUND('',#1154,.T.);
#1228=FACE_BOUND('',#1155,.T.);
#1229=FACE_BOUND('',#1156,.T.);
#1230=FACE_BOUND('',#1157,.T.);
#1231=FACE_BOUND('',#1158,.T.);
#1232=FACE_BOUND('',#1159,.T.);
#1233=FACE_BOUND('',#1160,.T.);
#1234=FACE_BOUND('',#1161,.T.);
#1235=FACE_BOUND('',#1162,.T.);
#1236=FACE_BOUND('',#1163,.T.);
#1237=FACE_BOUND('',#1164,.T.);
#1238=FACE_BOUND('',#1165,.T.);
#1239=FACE_BOUND('',#1166,.T.);
#1240=FACE_BOUND('',#1167,.T.);
#1241=FACE_BOUND('',#1168,.T.);
#1242=FACE_BOUND('',#1169,.T.);
#1243=FACE_BOUND('',#1170,.T.);
#1244=FACE_BOUND('',#1171,.T.);
#1245=FACE_BOUND('',#1172,.T.);
#1246=FACE_BOUND('',#1173,.T.);
#1247=FACE_BOUND('',#1174,.T.);
#1248=FACE_BOUND('',#1175,.T.);
#1249=FACE_BOUND('',#1176,.T.);
#1250=FACE_BOUND('',#1177,.T.);
#1251=FACE_BOUND('',#1178,.T.);
#1252=FACE_BOUND('',#1179,.T.);
#1253=FACE_BOUND('',#1180,.T.);
#1254=FACE_BOUND('',#1181,.T.);
#1255=FACE_BOUND('',#1182,.T.);
#1256=FACE_BOUND('',#1183,.T.);
#1257=CYLINDRICAL_SURFACE('',#1355,3.323503376676);
#1258=CYLINDRICAL_SURFACE('',#1366,0.75);
#1259=CYLINDRICAL_SURFACE('',#1369,0.75);
#1260=CYLINDRICAL_SURFACE('',#1389,0.750000000000001);
#1261=CYLINDRICAL_SURFACE('',#1392,0.750000000000001);
#1262=CYLINDRICAL_SURFACE('',#1395,0.750000000000001);
#1263=CYLINDRICAL_SURFACE('',#1398,0.750000000000001);
#1264=CYLINDRICAL_SURFACE('',#1407,0.75);
#1265=CYLINDRICAL_SURFACE('',#1409,0.75);
#1266=CYLINDRICAL_SURFACE('',#1421,1.5);
#1267=CYLINDRICAL_SURFACE('',#1422,1.5);
#1268=CYLINDRICAL_SURFACE('',#1423,0.75);
#1269=CYLINDRICAL_SURFACE('',#1425,1.5);
#1270=CYLINDRICAL_SURFACE('',#1428,1.5);
#1271=CYLINDRICAL_SURFACE('',#1429,0.75);
#1272=CYLINDRICAL_SURFACE('',#1452,4.00008572338259);
#1273=ADVANCED_FACE('',(#1184,#1185),#1257,.F.);
#1274=ADVANCED_FACE('',(#1186,#1187),#335,.F.);
#1275=ADVANCED_FACE('',(#1188),#336,.T.);
#1276=ADVANCED_FACE('',(#1189),#337,.T.);
#1277=ADVANCED_FACE('',(#1190),#338,.T.);
#1278=ADVANCED_FACE('',(#1191),#339,.T.);
#1279=ADVANCED_FACE('',(#1192),#340,.T.);
#1280=ADVANCED_FACE('',(#1193),#341,.T.);
#1281=ADVANCED_FACE('',(#1194),#1258,.T.);
#1282=ADVANCED_FACE('',(#1195),#1259,.T.);
#1283=ADVANCED_FACE('',(#1196),#342,.T.);
#1284=ADVANCED_FACE('',(#1197),#343,.T.);
#1285=ADVANCED_FACE('',(#1198),#344,.T.);
#1286=ADVANCED_FACE('',(#1199),#345,.T.);
#1287=ADVANCED_FACE('',(#1200),#346,.F.);
#1288=ADVANCED_FACE('',(#1201),#347,.T.);
#1289=ADVANCED_FACE('',(#1202),#348,.T.);
#1290=ADVANCED_FACE('',(#1203),#349,.T.);
#1291=ADVANCED_FACE('',(#1204),#350,.T.);
#1292=ADVANCED_FACE('',(#1205),#1260,.T.);
#1293=ADVANCED_FACE('',(#1206),#1261,.T.);
#1294=ADVANCED_FACE('',(#1207),#1262,.T.);
#1295=ADVANCED_FACE('',(#1208),#1263,.T.);
#1296=ADVANCED_FACE('',(#1209),#351,.T.);
#1297=ADVANCED_FACE('',(#1210),#352,.T.);
#1298=ADVANCED_FACE('',(#1211),#353,.T.);
#1299=ADVANCED_FACE('',(#1212),#354,.T.);
#1300=ADVANCED_FACE('',(#1213),#355,.F.);
#1301=ADVANCED_FACE('',(#1214),#356,.T.);
#1302=ADVANCED_FACE('',(#1215),#1264,.F.);
#1303=ADVANCED_FACE('',(#1216),#1265,.F.);
#1304=ADVANCED_FACE('',(#1217),#357,.F.);
#1305=ADVANCED_FACE('',(#1218),#358,.F.);
#1306=ADVANCED_FACE('',(#1219),#359,.F.);
#1307=ADVANCED_FACE('',(#1220),#360,.T.);
#1308=ADVANCED_FACE('',(#1221),#361,.T.);
#1309=ADVANCED_FACE('',(#1222),#362,.T.);
#1310=ADVANCED_FACE('',(#1223),#1266,.T.);
#1311=ADVANCED_FACE('',(#1224),#1267,.T.);
#1312=ADVANCED_FACE('',(#1225),#1268,.F.);
#1313=ADVANCED_FACE('',(#1226),#1269,.T.);
#1314=ADVANCED_FACE('',(#1227,#1228),#363,.T.);
#1315=ADVANCED_FACE('',(#1229),#1270,.T.);
#1316=ADVANCED_FACE('',(#1230),#1271,.F.);
#1317=ADVANCED_FACE('',(#1231),#364,.T.);
#1318=ADVANCED_FACE('',(#1232),#365,.F.);
#1319=ADVANCED_FACE('',(#1233),#366,.F.);
#1320=ADVANCED_FACE('',(#1234),#367,.F.);
#1321=ADVANCED_FACE('',(#1235),#368,.F.);
#1322=ADVANCED_FACE('',(#1236),#369,.T.);
#1323=ADVANCED_FACE('',(#1237),#370,.F.);
#1324=ADVANCED_FACE('',(#1238),#371,.T.);
#1325=ADVANCED_FACE('',(#1239),#372,.F.);
#1326=ADVANCED_FACE('',(#1240),#373,.T.);
#1327=ADVANCED_FACE('',(#1241),#374,.F.);
#1328=ADVANCED_FACE('',(#1242),#375,.T.);
#1329=ADVANCED_FACE('',(#1243),#376,.F.);
#1330=ADVANCED_FACE('',(#1244),#377,.T.);
#1331=ADVANCED_FACE('',(#1245),#378,.F.);
#1332=ADVANCED_FACE('',(#1246),#379,.T.);
#1333=ADVANCED_FACE('',(#1247),#380,.F.);
#1334=ADVANCED_FACE('',(#1248),#381,.T.);
#1335=ADVANCED_FACE('',(#1249),#382,.F.);
#1336=ADVANCED_FACE('',(#1250,#1251),#26,.F.);
#1337=ADVANCED_FACE('',(#1252),#24,.T.);
#1338=ADVANCED_FACE('',(#1253),#1272,.F.);
#1339=ADVANCED_FACE('',(#1254),#25,.T.);
#1340=ADVANCED_FACE('',(#1255),#383,.T.);
#1341=ADVANCED_FACE('',(#1256),#384,.F.);
#1342=CLOSED_SHELL('',(#1273,#1274,#1275,#1276,#1277,#1278,#1279,#1280,
#1281,#1282,#1283,#1284,#1285,#1286,#1287,#1288,#1289,#1290,#1291,#1292,
#1293,#1294,#1295,#1296,#1297,#1298,#1299,#1300,#1301,#1302,#1303,#1304,
#1305,#1306,#1307,#1308,#1309,#1310,#1311,#1312,#1313,#1314,#1315,#1316,
#1317,#1318,#1319,#1320,#1321,#1322,#1323,#1324,#1325,#1326,#1327,#1328,
#1329,#1330,#1331,#1332,#1333,#1334,#1335,#1336,#1337,#1338,#1339,#1340,
#1341));
#1343=STYLED_ITEM('',(#1344),#1351);
#1344=PRESENTATION_STYLE_ASSIGNMENT((#1345));
#1345=SURFACE_STYLE_USAGE(.BOTH.,#1346);
#1346=SURFACE_SIDE_STYLE('',(#1347));
#1347=SURFACE_STYLE_FILL_AREA(#1348);
#1348=FILL_AREA_STYLE('',(#1349));
#1349=FILL_AREA_STYLE_COLOUR('',#1350);
#1350=COLOUR_RGB('',0.699999988079071,0.699999988079071,0.699999988079071);
#1351=MANIFOLD_SOLID_BREP('',#1342);
#1352=SHAPE_DEFINITION_REPRESENTATION(#3526,#1353);
#1353=SHAPE_REPRESENTATION('AMT0680001DB0000G',(#1354),#3521);
#1354=AXIS2_PLACEMENT_3D('',#1811,#1457,#1458);
#1355=AXIS2_PLACEMENT_3D('',#1812,#1459,#1460);
#1356=AXIS2_PLACEMENT_3D('',#1813,#1461,#1462);
#1357=AXIS2_PLACEMENT_3D('',#1815,#1463,#1464);
#1358=AXIS2_PLACEMENT_3D('',#2044,#1465,#1466);
#1359=AXIS2_PLACEMENT_3D('',#2271,#1467,#1468);
#1360=AXIS2_PLACEMENT_3D('',#2280,#1473,#1474);
#1361=AXIS2_PLACEMENT_3D('',#2310,#1490,#1491);
#1362=AXIS2_PLACEMENT_3D('',#2343,#1508,#1509);
#1363=AXIS2_PLACEMENT_3D('',#2353,#1515,#1516);
#1364=AXIS2_PLACEMENT_3D('',#2363,#1522,#1523);
#1365=AXIS2_PLACEMENT_3D('',#2373,#1529,#1530);
#1366=AXIS2_PLACEMENT_3D('',#2383,#1536,#1537);
#1367=AXIS2_PLACEMENT_3D('',#2384,#1538,#1539);
#1368=AXIS2_PLACEMENT_3D('',#2385,#1540,#1541);
#1369=AXIS2_PLACEMENT_3D('',#2386,#1542,#1543);
#1370=AXIS2_PLACEMENT_3D('',#2387,#1544,#1545);
#1371=AXIS2_PLACEMENT_3D('',#2388,#1546,#1547);
#1372=AXIS2_PLACEMENT_3D('',#2389,#1548,#1549);
#1373=AXIS2_PLACEMENT_3D('',#2393,#1552,#1553);
#1374=AXIS2_PLACEMENT_3D('',#2397,#1556,#1557);
#1375=AXIS2_PLACEMENT_3D('',#2422,#1571,#1572);
#1376=AXIS2_PLACEMENT_3D('',#2431,#1577,#1578);
#1377=AXIS2_PLACEMENT_3D('',#2435,#1580,#1581);
#1378=AXIS2_PLACEMENT_3D('',#2441,#1585,#1586);
#1379=AXIS2_PLACEMENT_3D('',#2445,#1588,#1589);
#1380=AXIS2_PLACEMENT_3D('',#2446,#1590,#1591);
#1381=AXIS2_PLACEMENT_3D('',#2451,#1594,#1595);
#1382=AXIS2_PLACEMENT_3D('',#2455,#1597,#1598);
#1383=AXIS2_PLACEMENT_3D('',#2461,#1602,#1603);
#1384=AXIS2_PLACEMENT_3D('',#2465,#1605,#1606);
#1385=AXIS2_PLACEMENT_3D('',#2470,#1609,#1610);
#1386=AXIS2_PLACEMENT_3D('',#2476,#1614,#1615);
#1387=AXIS2_PLACEMENT_3D('',#2483,#1620,#1621);
#1388=AXIS2_PLACEMENT_3D('',#2491,#1626,#1627);
#1389=AXIS2_PLACEMENT_3D('',#2501,#1633,#1634);
#1390=AXIS2_PLACEMENT_3D('',#2502,#1635,#1636);
#1391=AXIS2_PLACEMENT_3D('',#2503,#1637,#1638);
#1392=AXIS2_PLACEMENT_3D('',#2504,#1639,#1640);
#1393=AXIS2_PLACEMENT_3D('',#2505,#1641,#1642);
#1394=AXIS2_PLACEMENT_3D('',#2506,#1643,#1644);
#1395=AXIS2_PLACEMENT_3D('',#2507,#1645,#1646);
#1396=AXIS2_PLACEMENT_3D('',#2508,#1647,#1648);
#1397=AXIS2_PLACEMENT_3D('',#2509,#1649,#1650);
#1398=AXIS2_PLACEMENT_3D('',#2510,#1651,#1652);
#1399=AXIS2_PLACEMENT_3D('',#2511,#1653,#1654);
#1400=AXIS2_PLACEMENT_3D('',#2512,#1655,#1656);
#1401=AXIS2_PLACEMENT_3D('',#2513,#1657,#1658);
#1402=AXIS2_PLACEMENT_3D('',#2514,#1659,#1660);
#1403=AXIS2_PLACEMENT_3D('',#2516,#1662,#1663);
#1404=AXIS2_PLACEMENT_3D('',#2526,#1671,#1672);
#1405=AXIS2_PLACEMENT_3D('',#2532,#1676,#1677);
#1406=AXIS2_PLACEMENT_3D('',#2538,#1681,#1682);
#1407=AXIS2_PLACEMENT_3D('',#2544,#1686,#1687);
#1408=AXIS2_PLACEMENT_3D('',#2545,#1688,#1689);
#1409=AXIS2_PLACEMENT_3D('',#2546,#1690,#1691);
#1410=AXIS2_PLACEMENT_3D('',#2547,#1692,#1693);
#1411=AXIS2_PLACEMENT_3D('',#2548,#1694,#1695);
#1412=AXIS2_PLACEMENT_3D('',#2555,#1699,#1700);
#1413=AXIS2_PLACEMENT_3D('',#2556,#1701,#1702);
#1414=AXIS2_PLACEMENT_3D('',#2559,#1704,#1705);
#1415=AXIS2_PLACEMENT_3D('',#2564,#1708,#1709);
#1416=AXIS2_PLACEMENT_3D('',#2567,#1712,#1713);
#1417=AXIS2_PLACEMENT_3D('',#2574,#1717,#1718);
#1418=AXIS2_PLACEMENT_3D('',#2575,#1719,#1720);
#1419=AXIS2_PLACEMENT_3D('',#2582,#1724,#1725);
#1420=AXIS2_PLACEMENT_3D('',#2583,#1726,#1727);
#1421=AXIS2_PLACEMENT_3D('',#2586,#1730,#1731);
#1422=AXIS2_PLACEMENT_3D('',#2588,#1733,#1734);
#1423=AXIS2_PLACEMENT_3D('',#2590,#1736,#1737);
#1424=AXIS2_PLACEMENT_3D('',#2591,#1738,#1739);
#1425=AXIS2_PLACEMENT_3D('',#2594,#1741,#1742);
#1426=AXIS2_PLACEMENT_3D('',#2596,#1744,#1745);
#1427=AXIS2_PLACEMENT_3D('',#2597,#1746,#1747);
#1428=AXIS2_PLACEMENT_3D('',#2600,#1749,#1750);
#1429=AXIS2_PLACEMENT_3D('',#2601,#1751,#1752);
#1430=AXIS2_PLACEMENT_3D('',#2602,#1753,#1754);
#1431=AXIS2_PLACEMENT_3D('',#2605,#1756,#1757);
#1432=AXIS2_PLACEMENT_3D('',#2607,#1759,#1760);
#1433=AXIS2_PLACEMENT_3D('',#2609,#1762,#1763);
#1434=AXIS2_PLACEMENT_3D('',#2610,#1764,#1765);
#1435=AXIS2_PLACEMENT_3D('',#2612,#1767,#1768);
#1436=AXIS2_PLACEMENT_3D('',#2613,#1769,#1770);
#1437=AXIS2_PLACEMENT_3D('',#2614,#1771,#1772);
#1438=AXIS2_PLACEMENT_3D('',#2615,#1773,#1774);
#1439=AXIS2_PLACEMENT_3D('',#2616,#1775,#1776);
#1440=AXIS2_PLACEMENT_3D('',#2617,#1777,#1778);
#1441=AXIS2_PLACEMENT_3D('',#2618,#1779,#1780);
#1442=AXIS2_PLACEMENT_3D('',#2619,#1781,#1782);
#1443=AXIS2_PLACEMENT_3D('',#2620,#1783,#1784);
#1444=AXIS2_PLACEMENT_3D('',#2621,#1785,#1786);
#1445=AXIS2_PLACEMENT_3D('',#2622,#1787,#1788);
#1446=AXIS2_PLACEMENT_3D('',#2623,#1789,#1790);
#1447=AXIS2_PLACEMENT_3D('',#2624,#1791,#1792);
#1448=AXIS2_PLACEMENT_3D('',#2625,#1793,#1794);
#1449=AXIS2_PLACEMENT_3D('',#2626,#1795,#1796);
#1450=AXIS2_PLACEMENT_3D('',#2627,#1797,#1798);
#1451=AXIS2_PLACEMENT_3D('',#2628,#1799,#1800);
#1452=AXIS2_PLACEMENT_3D('',#3076,#1801,#1802);
#1453=AXIS2_PLACEMENT_3D('',#3077,#1803,#1804);
#1454=AXIS2_PLACEMENT_3D('',#3079,#1805,#1806);
#1455=AXIS2_PLACEMENT_3D('',#3518,#1807,#1808);
#1456=AXIS2_PLACEMENT_3D('',#3519,#1809,#1810);
#1457=DIRECTION('',(0.,0.,1.));
#1458=DIRECTION('',(1.,0.,0.));
#1459=DIRECTION('',(0.,0.,1.));
#1460=DIRECTION('',(1.,0.,0.));
#1461=DIRECTION('',(0.,0.,1.));
#1462=DIRECTION('',(1.,0.,0.));
#1463=DIRECTION('',(0.,0.,1.));
#1464=DIRECTION('',(1.,0.,0.));
#1465=DIRECTION('',(0.,0.,-1.));
#1466=DIRECTION('',(-1.,0.,0.));
#1467=DIRECTION('',(0.,0.,1.));
#1468=DIRECTION('',(1.,0.,0.));
#1469=DIRECTION('',(0.,1.,0.));
#1470=DIRECTION('',(-1.,0.,0.));
#1471=DIRECTION('',(0.,1.,0.));
#1472=DIRECTION('',(-1.,0.,3.46944695195361E-15));
#1473=DIRECTION('',(-1.,0.,-8.26058798084194E-17));
#1474=DIRECTION('',(-8.26058798084194E-17,0.,1.));
#1475=DIRECTION('',(8.26058798084194E-17,-6.4019556851525E-16,-1.));
#1476=DIRECTION('',(0.,-1.,0.));
#1477=DIRECTION('',(-8.26058798084194E-17,1.44560289664734E-16,1.));
#1478=DIRECTION('',(0.,-1.,0.));
#1479=DIRECTION('',(8.26058798084194E-17,0.,-1.));
#1480=DIRECTION('',(0.,-1.,0.));
#1481=DIRECTION('',(8.26058798084194E-17,0.,-1.));
#1482=DIRECTION('',(0.,1.,0.));
#1483=DIRECTION('',(8.26058798084194E-17,0.,-1.));
#1484=DIRECTION('',(8.26058798084194E-17,0.,-1.));
#1485=DIRECTION('',(0.,1.,0.));
#1486=DIRECTION('',(8.26058798084194E-17,0.,-1.));
#1487=DIRECTION('',(0.,-1.,0.));
#1488=DIRECTION('',(-8.26058798084194E-17,1.44560289664734E-16,1.));
#1489=DIRECTION('',(0.,-1.,0.));
#1490=DIRECTION('',(-1.,0.,0.));
#1491=DIRECTION('',(0.,0.,1.));
#1492=DIRECTION('',(0.,-1.03257349760524E-16,-1.));
#1493=DIRECTION('',(0.,-1.,0.));
#1494=DIRECTION('',(0.,4.13029399042097E-17,1.));
#1495=DIRECTION('',(0.,-1.,-1.73472347597681E-16));
#1496=DIRECTION('',(0.,0.,-1.));
#1497=DIRECTION('',(0.,-1.,0.));
#1498=DIRECTION('',(0.,0.,-1.));
#1499=DIRECTION('',(0.,-1.,0.));
#1500=DIRECTION('',(0.,1.44560289664734E-16,1.));
#1501=DIRECTION('',(0.,-1.,0.));
#1502=DIRECTION('',(0.,-3.94255335449274E-17,-1.));
#1503=DIRECTION('',(0.,1.,0.));
#1504=DIRECTION('',(0.,0.,-1.));
#1505=DIRECTION('',(0.,-1.,0.));
#1506=DIRECTION('',(0.,1.44560289664734E-16,1.));
#1507=DIRECTION('',(0.,-1.,-1.73472347597681E-16));
#1508=DIRECTION('',(0.,1.,-1.03257349760524E-16));
#1509=DIRECTION('',(0.,1.03257349760524E-16,1.));
#1510=DIRECTION('',(0.173648177666929,-1.01688638599657E-16,-0.984807753012208));
#1511=DIRECTION('',(-1.,0.,0.));
#1512=DIRECTION('',(0.,-1.03257349760524E-16,-1.));
#1513=DIRECTION('',(-0.173648177666929,-1.01688638599657E-16,-0.984807753012208));
#1514=DIRECTION('',(-1.,0.,0.));
#1515=DIRECTION('',(0.,-1.,4.13029399042097E-17));
#1516=DIRECTION('',(0.,-4.13029399042097E-17,-1.));
#1517=DIRECTION('',(-0.173648177666929,4.0675455439863E-17,0.984807753012208));
#1518=DIRECTION('',(-1.,0.,0.));
#1519=DIRECTION('',(0.173648177666929,4.0675455439863E-17,0.984807753012208));
#1520=DIRECTION('',(0.,4.13029399042097E-17,1.));
#1521=DIRECTION('',(-1.,0.,0.));
#1522=DIRECTION('',(5.53545795479876E-32,1.,-6.4019556851525E-16));
#1523=DIRECTION('',(0.,6.4019556851525E-16,1.));
#1524=DIRECTION('',(0.173648177666929,-6.30469559317876E-16,-0.984807753012208));
#1525=DIRECTION('',(-1.,2.4706613613342E-33,-8.26058798084194E-17));
#1526=DIRECTION('',(8.26058798084194E-17,-6.4019556851525E-16,-1.));
#1527=DIRECTION('',(-0.173648177666929,-6.30469559317876E-16,-0.984807753012208));
#1528=DIRECTION('',(-1.,2.47066136133421E-33,-8.26058798084194E-17));
#1529=DIRECTION('',(-1.44121912744495E-32,-1.,1.44560289664734E-16));
#1530=DIRECTION('',(0.,-1.44560289664734E-16,-1.));
#1531=DIRECTION('',(-0.173648177666929,1.4236409403952E-16,0.984807753012208));
#1532=DIRECTION('',(-1.,2.4706613613342E-33,-8.26058798084194E-17));
#1533=DIRECTION('',(0.173648177666929,1.4236409403952E-16,0.984807753012208));
#1534=DIRECTION('',(-8.26058798084194E-17,1.44560289664734E-16,1.));
#1535=DIRECTION('',(-1.,2.4706613613342E-33,-8.26058798084194E-17));
#1536=DIRECTION('',(-1.,2.47066136133421E-33,-8.26058798084194E-17));
#1537=DIRECTION('',(-8.26058798084194E-17,0.,1.));
#1538=DIRECTION('',(0.984807753012208,0.,0.173648177666929));
#1539=DIRECTION('',(-0.173648177666929,1.4227971721495E-32,0.984807753012208));
#1540=DIRECTION('',(0.984807753012208,0.,-0.173648177666929));
#1541=DIRECTION('',(-0.173648177666929,1.4227971721495E-32,-0.984807753012208));
#1542=DIRECTION('',(-1.,0.,0.));
#1543=DIRECTION('',(0.,0.,1.));
#1544=DIRECTION('',(0.984807753012208,0.,0.173648177666929));
#1545=DIRECTION('',(-0.173648177666929,0.,0.984807753012208));
#1546=DIRECTION('',(0.984807753012208,0.,-0.173648177666929));
#1547=DIRECTION('',(-0.173648177666929,0.,-0.984807753012208));
#1548=DIRECTION('',(0.,0.,-1.));
#1549=DIRECTION('',(-1.,0.,0.));
#1550=DIRECTION('',(-1.,0.,0.));
#1551=DIRECTION('',(0.,1.,0.));
#1552=DIRECTION('',(0.,0.,-1.));
#1553=DIRECTION('',(-1.,0.,0.));
#1554=DIRECTION('',(-1.,0.,0.));
#1555=DIRECTION('',(0.,1.,0.));
#1556=DIRECTION('',(1.,0.,0.));
#1557=DIRECTION('',(0.,0.,-1.));
#1558=DIRECTION('',(0.,-1.,0.));
#1559=DIRECTION('',(0.,-1.44560289664734E-16,-1.));
#1560=DIRECTION('',(0.,-1.,0.));
#1561=DIRECTION('',(0.,0.,1.));
#1562=DIRECTION('',(0.,1.,0.));
#1563=DIRECTION('',(0.,-3.94255335449274E-17,-1.));
#1564=DIRECTION('',(0.,-1.,0.));
#1565=DIRECTION('',(0.,1.44560289664734E-16,1.));
#1566=DIRECTION('',(0.,-1.,0.));
#1567=DIRECTION('',(0.,0.,1.));
#1568=DIRECTION('',(0.,-1.,0.));
#1569=DIRECTION('',(0.,0.,1.));
#1570=DIRECTION('',(0.,1.,0.));
#1571=DIRECTION('',(0.,-1.,0.));
#1572=DIRECTION('',(0.,0.,-1.));
#1573=DIRECTION('',(-0.17364817766693,0.,0.984807753012208));
#1574=DIRECTION('',(1.,0.,0.));
#1575=DIRECTION('',(0.17364817766693,0.,0.984807753012208));
#1576=DIRECTION('',(0.,0.,1.));
#1577=DIRECTION('',(0.,-1.,0.));
#1578=DIRECTION('',(0.,0.,-1.));
#1579=DIRECTION('',(1.,0.,9.6373526443156E-17));
#1580=DIRECTION('',(0.,-1.,0.));
#1581=DIRECTION('',(0.,0.,-1.));
#1582=DIRECTION('',(-0.17364817766693,0.,0.984807753012208));
#1583=DIRECTION('',(1.,0.,0.));
#1584=DIRECTION('',(0.17364817766693,0.,0.984807753012208));
#1585=DIRECTION('',(0.,-1.,0.));
#1586=DIRECTION('',(0.,0.,-1.));
#1587=DIRECTION('',(-1.,0.,0.));
#1588=DIRECTION('',(0.,-1.,0.));
#1589=DIRECTION('',(0.,0.,-1.));
#1590=DIRECTION('',(0.,-1.,0.));
#1591=DIRECTION('',(0.,0.,-1.));
#1592=DIRECTION('',(-1.,0.,0.));
#1593=DIRECTION('',(-0.17364817766693,0.,0.984807753012208));
#1594=DIRECTION('',(0.,-1.,0.));
#1595=DIRECTION('',(0.,0.,-1.));
#1596=DIRECTION('',(-1.,0.,0.));
#1597=DIRECTION('',(0.,-1.,0.));
#1598=DIRECTION('',(0.,0.,-1.));
#1599=DIRECTION('',(0.17364817766693,0.,0.984807753012208));
#1600=DIRECTION('',(-1.,0.,0.));
#1601=DIRECTION('',(-0.17364817766693,0.,0.984807753012208));
#1602=DIRECTION('',(0.,-1.,0.));
#1603=DIRECTION('',(0.,0.,-1.));
#1604=DIRECTION('',(1.,0.,9.6373526443156E-17));
#1605=DIRECTION('',(0.,-1.,0.));
#1606=DIRECTION('',(0.,0.,-1.));
#1607=DIRECTION('',(0.,0.,1.));
#1608=DIRECTION('',(0.17364817766693,0.,0.984807753012208));
#1609=DIRECTION('',(0.,-1.,1.44560289664734E-16));
#1610=DIRECTION('',(0.,-1.44560289664734E-16,-1.));
#1611=DIRECTION('',(-0.17364817766693,1.42364094039521E-16,0.984807753012208));
#1612=DIRECTION('',(-1.,0.,0.));
#1613=DIRECTION('',(0.17364817766693,1.42364094039521E-16,0.984807753012208));
#1614=DIRECTION('',(0.,1.,0.));
#1615=DIRECTION('',(0.,0.,1.));
#1616=DIRECTION('',(0.17364817766693,0.,-0.984807753012208));
#1617=DIRECTION('',(-1.,0.,0.));
#1618=DIRECTION('',(-0.17364817766693,0.,-0.984807753012208));
#1619=DIRECTION('',(-1.,0.,0.));
#1620=DIRECTION('',(0.,-1.,1.44560289664734E-16));
#1621=DIRECTION('',(0.,-1.44560289664734E-16,-1.));
#1622=DIRECTION('',(-0.17364817766693,1.42364094039521E-16,0.984807753012208));
#1623=DIRECTION('',(-1.,0.,0.));
#1624=DIRECTION('',(0.17364817766693,1.42364094039521E-16,0.984807753012208));
#1625=DIRECTION('',(0.,-1.44560289664734E-16,-1.));
#1626=DIRECTION('',(0.,1.,0.));
#1627=DIRECTION('',(0.,0.,1.));
#1628=DIRECTION('',(0.17364817766693,0.,-0.984807753012208));
#1629=DIRECTION('',(-1.,0.,0.));
#1630=DIRECTION('',(0.,0.,1.));
#1631=DIRECTION('',(-0.17364817766693,0.,-0.984807753012208));
#1632=DIRECTION('',(1.,0.,0.));
#1633=DIRECTION('',(1.,0.,0.));
#1634=DIRECTION('',(0.,0.,-1.));
#1635=DIRECTION('',(0.984807753012208,0.,0.17364817766693));
#1636=DIRECTION('',(0.17364817766693,0.,-0.984807753012208));
#1637=DIRECTION('',(0.984807753012208,0.,-0.17364817766693));
#1638=DIRECTION('',(0.17364817766693,0.,0.984807753012208));
#1639=DIRECTION('',(1.,0.,0.));
#1640=DIRECTION('',(0.,0.,-1.));
#1641=DIRECTION('',(0.984807753012208,0.,0.17364817766693));
#1642=DIRECTION('',(0.17364817766693,0.,-0.984807753012208));
#1643=DIRECTION('',(0.984807753012208,0.,-0.17364817766693));
#1644=DIRECTION('',(0.17364817766693,0.,0.984807753012208));
#1645=DIRECTION('',(-1.,0.,0.));
#1646=DIRECTION('',(0.,0.,1.));
#1647=DIRECTION('',(0.984807753012208,0.,0.17364817766693));
#1648=DIRECTION('',(-0.17364817766693,0.,0.984807753012208));
#1649=DIRECTION('',(0.984807753012208,0.,-0.17364817766693));
#1650=DIRECTION('',(-0.17364817766693,0.,-0.984807753012208));
#1651=DIRECTION('',(-1.,0.,0.));
#1652=DIRECTION('',(0.,0.,1.));
#1653=DIRECTION('',(0.984807753012208,0.,0.17364817766693));
#1654=DIRECTION('',(-0.17364817766693,0.,0.984807753012208));
#1655=DIRECTION('',(0.984807753012208,0.,-0.17364817766693));
#1656=DIRECTION('',(-0.17364817766693,0.,-0.984807753012208));
#1657=DIRECTION('',(0.,0.,-1.));
#1658=DIRECTION('',(-1.,0.,0.));
#1659=DIRECTION('',(0.,0.,-1.));
#1660=DIRECTION('',(-1.,0.,0.));
#1661=DIRECTION('',(0.,1.,0.));
#1662=DIRECTION('',(1.,0.,0.));
#1663=DIRECTION('',(0.,0.,-1.));
#1664=DIRECTION('',(0.,-1.,0.));
#1665=DIRECTION('',(0.,-1.,0.));
#1666=DIRECTION('',(0.,-1.,0.));
#1667=DIRECTION('',(0.,0.,1.));
#1668=DIRECTION('',(0.,0.,1.));
#1669=DIRECTION('',(0.,-1.,0.));
#1670=DIRECTION('',(0.,-1.,0.));
#1671=DIRECTION('',(9.6373526443156E-17,0.,-1.));
#1672=DIRECTION('',(-1.,0.,-9.6373526443156E-17));
#1673=DIRECTION('',(0.,1.,0.));
#1674=DIRECTION('',(1.,0.,0.));
#1675=DIRECTION('',(0.,-1.,0.));
#1676=DIRECTION('',(0.,0.,-1.));
#1677=DIRECTION('',(-1.,0.,0.));
#1678=DIRECTION('',(1.,0.,0.));
#1679=DIRECTION('',(0.,-1.,0.));
#1680=DIRECTION('',(1.,0.,0.));
#1681=DIRECTION('',(0.,0.,1.));
#1682=DIRECTION('',(1.,0.,0.));
#1683=DIRECTION('',(-1.,0.,0.));
#1684=DIRECTION('',(-1.,0.,0.));
#1685=DIRECTION('',(0.,-1.,0.));
#1686=DIRECTION('',(0.,1.,0.));
#1687=DIRECTION('',(0.,0.,1.));
#1688=DIRECTION('',(0.,1.,0.));
#1689=DIRECTION('',(0.,0.,1.));
#1690=DIRECTION('',(0.,1.,0.));
#1691=DIRECTION('',(0.,0.,1.));
#1692=DIRECTION('',(0.,1.,0.));
#1693=DIRECTION('',(0.,0.,1.));
#1694=DIRECTION('',(0.,1.,-3.94255335449274E-17));
#1695=DIRECTION('',(0.,3.94255335449274E-17,1.));
#1696=DIRECTION('',(0.,-3.94255335449274E-17,-1.));
#1697=DIRECTION('',(-1.,0.,0.));
#1698=DIRECTION('',(0.,3.94255335449274E-17,1.));
#1699=DIRECTION('',(0.,1.,-3.94255335449274E-17));
#1700=DIRECTION('',(0.,3.94255335449274E-17,1.));
#1701=DIRECTION('',(0.,-1.,1.44560289664734E-16));
#1702=DIRECTION('',(0.,-1.44560289664734E-16,-1.));
#1703=DIRECTION('',(0.,1.44560289664734E-16,1.));
#1704=DIRECTION('',(0.,-1.,1.44560289664734E-16));
#1705=DIRECTION('',(0.,-1.44560289664734E-16,-1.));
#1706=DIRECTION('',(0.,-1.44560289664734E-16,-1.));
#1707=DIRECTION('',(1.,0.,0.));
#1708=DIRECTION('',(1.,0.,0.));
#1709=DIRECTION('',(0.,0.,-1.));
#1710=DIRECTION('',(0.,1.,0.));
#1711=DIRECTION('',(0.,-1.,0.));
#1712=DIRECTION('',(0.,-1.,3.94255335449274E-17));
#1713=DIRECTION('',(0.,-3.94255335449274E-17,-1.));
#1714=DIRECTION('',(0.,3.94255335449274E-17,1.));
#1715=DIRECTION('',(1.,0.,0.));
#1716=DIRECTION('',(0.,-3.94255335449274E-17,-1.));
#1717=DIRECTION('',(0.,-1.,3.94255335449274E-17));
#1718=DIRECTION('',(0.,-3.94255335449274E-17,-1.));
#1719=DIRECTION('',(0.,1.,-1.44560289664734E-16));
#1720=DIRECTION('',(0.,1.44560289664734E-16,1.));
#1721=DIRECTION('',(0.,1.44560289664734E-16,1.));
#1722=DIRECTION('',(-1.,0.,0.));
#1723=DIRECTION('',(0.,-1.44560289664734E-16,-1.));
#1724=DIRECTION('',(0.,1.,-1.44560289664734E-16));
#1725=DIRECTION('',(0.,1.44560289664734E-16,1.));
#1726=DIRECTION('',(1.,0.,0.));
#1727=DIRECTION('',(0.,0.,-1.));
#1728=DIRECTION('',(0.,1.,0.));
#1729=DIRECTION('',(0.,1.,0.));
#1730=DIRECTION('',(0.,1.,0.));
#1731=DIRECTION('',(0.,0.,1.));
#1732=DIRECTION('',(0.,-1.,0.));
#1733=DIRECTION('',(0.,-1.,0.));
#1734=DIRECTION('',(0.,0.,-1.));
#1735=DIRECTION('',(0.,1.,0.));
#1736=DIRECTION('',(0.,1.,0.));
#1737=DIRECTION('',(0.,0.,1.));
#1738=DIRECTION('',(0.,1.,0.));
#1739=DIRECTION('',(0.,0.,1.));
#1740=DIRECTION('',(0.,-1.,0.));
#1741=DIRECTION('',(0.,-1.,0.));
#1742=DIRECTION('',(0.,0.,-1.));
#1743=DIRECTION('',(0.,-1.,0.));
#1744=DIRECTION('',(0.,0.,1.));
#1745=DIRECTION('',(1.,0.,0.));
#1746=DIRECTION('',(0.,0.,1.));
#1747=DIRECTION('',(1.,0.,0.));
#1748=DIRECTION('',(0.,1.,0.));
#1749=DIRECTION('',(0.,1.,0.));
#1750=DIRECTION('',(0.,0.,1.));
#1751=DIRECTION('',(0.,1.,0.));
#1752=DIRECTION('',(0.,0.,1.));
#1753=DIRECTION('',(0.,1.,0.));
#1754=DIRECTION('',(0.,0.,1.));
#1755=DIRECTION('',(0.,1.,0.));
#1756=DIRECTION('',(9.6373526443156E-17,0.,-1.));
#1757=DIRECTION('',(-1.,0.,-9.6373526443156E-17));
#1758=DIRECTION('',(1.,0.,0.));
#1759=DIRECTION('',(0.,0.,-1.));
#1760=DIRECTION('',(-1.,0.,0.));
#1761=DIRECTION('',(0.,-1.,0.));
#1762=DIRECTION('',(-1.,0.,0.));
#1763=DIRECTION('',(0.,0.,1.));
#1764=DIRECTION('',(0.,0.,-1.));
#1765=DIRECTION('',(-1.,0.,0.));
#1766=DIRECTION('',(0.,-1.,0.));
#1767=DIRECTION('',(1.,0.,0.));
#1768=DIRECTION('',(0.,0.,-1.));
#1769=DIRECTION('',(0.,1.,0.));
#1770=DIRECTION('',(0.,0.,1.));
#1771=DIRECTION('',(0.,1.,0.));
#1772=DIRECTION('',(0.,0.,1.));
#1773=DIRECTION('',(0.984807753012208,0.,-0.17364817766693));
#1774=DIRECTION('',(-0.17364817766693,0.,-0.984807753012208));
#1775=DIRECTION('',(0.984807753012208,0.,0.17364817766693));
#1776=DIRECTION('',(0.17364817766693,0.,-0.984807753012208));
#1777=DIRECTION('',(0.984807753012208,0.,-0.17364817766693));
#1778=DIRECTION('',(-0.17364817766693,0.,-0.984807753012208));
#1779=DIRECTION('',(0.984807753012208,0.,0.17364817766693));
#1780=DIRECTION('',(0.17364817766693,0.,-0.984807753012208));
#1781=DIRECTION('',(0.984807753012208,0.,-0.17364817766693));
#1782=DIRECTION('',(-0.17364817766693,0.,-0.984807753012208));
#1783=DIRECTION('',(0.984807753012208,0.,0.17364817766693));
#1784=DIRECTION('',(0.17364817766693,0.,-0.984807753012208));
#1785=DIRECTION('',(0.984807753012208,0.,-0.17364817766693));
#1786=DIRECTION('',(-0.17364817766693,0.,-0.984807753012208));
#1787=DIRECTION('',(0.984807753012208,0.,0.17364817766693));
#1788=DIRECTION('',(0.17364817766693,0.,-0.984807753012208));
#1789=DIRECTION('',(0.984807753012208,0.,-0.173648177666929));
#1790=DIRECTION('',(-0.173648177666929,0.,-0.984807753012208));
#1791=DIRECTION('',(0.984807753012208,0.,0.173648177666929));
#1792=DIRECTION('',(0.173648177666929,0.,-0.984807753012208));
#1793=DIRECTION('',(0.984807753012208,0.,-0.173648177666929));
#1794=DIRECTION('',(-0.173648177666929,0.,-0.984807753012208));
#1795=DIRECTION('',(0.984807753012208,0.,0.173648177666929));
#1796=DIRECTION('',(0.173648177666929,0.,-0.984807753012208));
#1797=DIRECTION('',(0.,0.,1.));
#1798=DIRECTION('',(1.,0.,0.));
#1799=DIRECTION('',(0.,0.,-1.));
#1800=DIRECTION('',(-1.,0.,0.));
#1801=DIRECTION('',(0.,0.,-1.));
#1802=DIRECTION('',(-1.,0.,0.));
#1803=DIRECTION('',(0.,0.,-1.));
#1804=DIRECTION('',(-1.,0.,0.));
#1805=DIRECTION('',(0.,0.,-1.));
#1806=DIRECTION('',(-1.,0.,0.));
#1807=DIRECTION('',(0.,0.,-1.));
#1808=DIRECTION('',(-1.,0.,0.));
#1809=DIRECTION('',(0.,0.,-1.));
#1810=DIRECTION('',(-1.,0.,0.));
#1811=CARTESIAN_POINT('',(0.,0.,0.));
#1812=CARTESIAN_POINT('',(0.,0.,3.59718474226633));
#1813=CARTESIAN_POINT('',(0.,0.,3.5));
#1814=CARTESIAN_POINT('',(3.323503376676,0.,3.5));
#1815=CARTESIAN_POINT('',(0.,0.,7.5));
#1816=CARTESIAN_POINT('',(-3.323503376676,-1.47593198848206E-14,7.5));
#1817=CARTESIAN_POINT('',(1.78344711098423E-14,-3.323503376676,7.5));
#1818=CARTESIAN_POINT('',(-3.323503376676,0.,8.4375));
#1819=CARTESIAN_POINT('',(-3.323503376676,0.758567957839925,8.39285714285714));
#1820=CARTESIAN_POINT('',(-2.99437307475364,1.44201407204201,8.34821428571428));
#1821=CARTESIAN_POINT('',(-2.66524277283129,2.1254601862441,8.30357142857143));
#1822=CARTESIAN_POINT('',(-2.07217046180055,2.5984195719741,8.25892857142857));
#1823=CARTESIAN_POINT('',(-1.47909815076982,3.0713789577041,8.21428571428571));
#1824=CARTESIAN_POINT('',(-0.739549075384908,3.24017620815197,8.16964285714285));
#1825=CARTESIAN_POINT('',(-2.08739421722629E-16,3.40897345859985,8.125));
#1826=CARTESIAN_POINT('',(0.739549075384908,3.24017620815197,8.08035714285714));
#1827=CARTESIAN_POINT('',(1.47909815076982,3.0713789577041,8.03571428571428));
#1828=CARTESIAN_POINT('',(2.07217046180055,2.5984195719741,7.99107142857143));
#1829=CARTESIAN_POINT('',(2.66524277283129,2.1254601862441,7.94642857142857));
#1830=CARTESIAN_POINT('',(2.99437307475364,1.44201407204201,7.90178571428571));
#1831=CARTESIAN_POINT('',(3.323503376676,0.758567957839926,7.85714285714285));
#1832=CARTESIAN_POINT('',(3.323503376676,4.07011777220168E-16,7.8125));
#1833=CARTESIAN_POINT('',(3.323503376676,-0.758567957839925,7.76785714285714));
#1834=CARTESIAN_POINT('',(2.99437307475364,-1.44201407204201,7.72321428571428));
#1835=CARTESIAN_POINT('',(2.66524277283129,-2.1254601862441,7.67857142857143));
#1836=CARTESIAN_POINT('',(2.07217046180055,-2.5984195719741,7.63392857142857));
#1837=CARTESIAN_POINT('',(1.47909815076982,-3.0713789577041,7.58928571428571));
#1838=CARTESIAN_POINT('',(0.739549075384909,-3.24017620815197,7.54464285714285));
#1839=CARTESIAN_POINT('',(6.26218265167888E-16,-3.40897345859985,7.5));
#1840=CARTESIAN_POINT('',(-0.739549075384908,-3.24017620815197,7.45535714285714));
#1841=CARTESIAN_POINT('',(-1.47909815076982,-3.0713789577041,7.41071428571428));
#1842=CARTESIAN_POINT('',(-2.07217046180055,-2.5984195719741,7.36607142857143));
#1843=CARTESIAN_POINT('',(-2.66524277283129,-2.1254601862441,7.32142857142857));
#1844=CARTESIAN_POINT('',(-2.99437307475364,-1.44201407204201,7.27678571428571));
#1845=CARTESIAN_POINT('',(-3.323503376676,-0.758567957839926,7.23214285714285));
#1846=CARTESIAN_POINT('',(-3.323503376676,0.,7.1875));
#1847=CARTESIAN_POINT('',(-3.323503376676,0.758567957839925,7.14285714285714));
#1848=CARTESIAN_POINT('',(-2.99437307475364,1.44201407204201,7.09821428571428));
#1849=CARTESIAN_POINT('',(-2.66524277283129,2.1254601862441,7.05357142857143));
#1850=CARTESIAN_POINT('',(-2.07217046180055,2.5984195719741,7.00892857142857));
#1851=CARTESIAN_POINT('',(-1.47909815076982,3.0713789577041,6.96428571428571));
#1852=CARTESIAN_POINT('',(-0.739549075384908,3.24017620815197,6.91964285714285));
#1853=CARTESIAN_POINT('',(-2.08739421722629E-16,3.40897345859985,6.875));
#1854=CARTESIAN_POINT('',(0.739549075384908,3.24017620815197,6.83035714285714));
#1855=CARTESIAN_POINT('',(1.47909815076982,3.0713789577041,6.78571428571428));
#1856=CARTESIAN_POINT('',(2.07217046180055,2.5984195719741,6.74107142857143));
#1857=CARTESIAN_POINT('',(2.66524277283129,2.1254601862441,6.69642857142857));
#1858=CARTESIAN_POINT('',(2.99437307475364,1.44201407204201,6.65178571428571));
#1859=CARTESIAN_POINT('',(3.323503376676,0.758567957839926,6.60714285714285));
#1860=CARTESIAN_POINT('',(3.323503376676,4.07011777220168E-16,6.5625));
#1861=CARTESIAN_POINT('',(3.323503376676,-0.758567957839925,6.51785714285714));
#1862=CARTESIAN_POINT('',(2.99437307475364,-1.44201407204201,6.47321428571428));
#1863=CARTESIAN_POINT('',(2.66524277283129,-2.1254601862441,6.42857142857143));
#1864=CARTESIAN_POINT('',(2.07217046180055,-2.5984195719741,6.38392857142857));
#1865=CARTESIAN_POINT('',(1.47909815076982,-3.0713789577041,6.33928571428571));
#1866=CARTESIAN_POINT('',(0.739549075384909,-3.24017620815197,6.29464285714285));
#1867=CARTESIAN_POINT('',(6.26218265167888E-16,-3.40897345859985,6.25));
#1868=CARTESIAN_POINT('',(-0.739549075384908,-3.24017620815197,6.20535714285714));
#1869=CARTESIAN_POINT('',(-1.47909815076982,-3.0713789577041,6.16071428571428));
#1870=CARTESIAN_POINT('',(-2.07217046180055,-2.5984195719741,6.11607142857143));
#1871=CARTESIAN_POINT('',(-2.66524277283129,-2.1254601862441,6.07142857142857));
#1872=CARTESIAN_POINT('',(-2.99437307475364,-1.44201407204201,6.02678571428571));
#1873=CARTESIAN_POINT('',(-3.323503376676,-0.758567957839926,5.98214285714285));
#1874=CARTESIAN_POINT('',(-3.323503376676,0.,5.9375));
#1875=CARTESIAN_POINT('',(-3.323503376676,0.758567957839925,5.89285714285714));
#1876=CARTESIAN_POINT('',(-2.99437307475364,1.44201407204201,5.84821428571428));
#1877=CARTESIAN_POINT('',(-2.66524277283129,2.1254601862441,5.80357142857143));
#1878=CARTESIAN_POINT('',(-2.07217046180055,2.5984195719741,5.75892857142857));
#1879=CARTESIAN_POINT('',(-1.47909815076982,3.0713789577041,5.71428571428571));
#1880=CARTESIAN_POINT('',(-0.739549075384908,3.24017620815197,5.66964285714285));
#1881=CARTESIAN_POINT('',(-2.08739421722629E-16,3.40897345859985,5.625));
#1882=CARTESIAN_POINT('',(0.739549075384908,3.24017620815197,5.58035714285714));
#1883=CARTESIAN_POINT('',(1.47909815076982,3.0713789577041,5.53571428571428));
#1884=CARTESIAN_POINT('',(2.07217046180055,2.5984195719741,5.49107142857143));
#1885=CARTESIAN_POINT('',(2.66524277283129,2.1254601862441,5.44642857142857));
#1886=CARTESIAN_POINT('',(2.99437307475364,1.44201407204201,5.40178571428571));
#1887=CARTESIAN_POINT('',(3.323503376676,0.758567957839926,5.35714285714285));
#1888=CARTESIAN_POINT('',(3.323503376676,4.07011777220168E-16,5.3125));
#1889=CARTESIAN_POINT('',(3.323503376676,-0.758567957839925,5.26785714285714));
#1890=CARTESIAN_POINT('',(2.99437307475364,-1.44201407204201,5.22321428571428));
#1891=CARTESIAN_POINT('',(2.66524277283129,-2.1254601862441,5.17857142857143));
#1892=CARTESIAN_POINT('',(2.07217046180055,-2.5984195719741,5.13392857142857));
#1893=CARTESIAN_POINT('',(1.47909815076982,-3.0713789577041,5.08928571428571));
#1894=CARTESIAN_POINT('',(0.739549075384909,-3.24017620815197,5.04464285714285));
#1895=CARTESIAN_POINT('',(6.26218265167888E-16,-3.40897345859985,5.));
#1896=CARTESIAN_POINT('',(-0.739549075384908,-3.24017620815197,4.95535714285714));
#1897=CARTESIAN_POINT('',(-1.47909815076982,-3.0713789577041,4.91071428571428));
#1898=CARTESIAN_POINT('',(-2.07217046180055,-2.5984195719741,4.86607142857143));
#1899=CARTESIAN_POINT('',(-2.66524277283129,-2.1254601862441,4.82142857142857));
#1900=CARTESIAN_POINT('',(-2.99437307475364,-1.44201407204201,4.77678571428571));
#1901=CARTESIAN_POINT('',(-3.323503376676,-0.758567957839926,4.73214285714285));
#1902=CARTESIAN_POINT('',(-3.323503376676,0.,4.6875));
#1903=CARTESIAN_POINT('',(-3.323503376676,0.758567957839925,4.64285714285714));
#1904=CARTESIAN_POINT('',(-2.99437307475364,1.44201407204201,4.59821428571428));
#1905=CARTESIAN_POINT('',(-2.66524277283129,2.1254601862441,4.55357142857143));
#1906=CARTESIAN_POINT('',(-2.07217046180055,2.5984195719741,4.50892857142857));
#1907=CARTESIAN_POINT('',(-1.47909815076982,3.0713789577041,4.46428571428571));
#1908=CARTESIAN_POINT('',(-0.739549075384908,3.24017620815197,4.41964285714285));
#1909=CARTESIAN_POINT('',(-2.08739421722629E-16,3.40897345859985,4.375));
#1910=CARTESIAN_POINT('',(0.739549075384908,3.24017620815197,4.33035714285714));
#1911=CARTESIAN_POINT('',(1.47909815076982,3.0713789577041,4.28571428571428));
#1912=CARTESIAN_POINT('',(2.07217046180055,2.5984195719741,4.24107142857143));
#1913=CARTESIAN_POINT('',(2.66524277283129,2.1254601862441,4.19642857142857));
#1914=CARTESIAN_POINT('',(2.99437307475364,1.44201407204201,4.15178571428571));
#1915=CARTESIAN_POINT('',(3.323503376676,0.758567957839926,4.10714285714285));
#1916=CARTESIAN_POINT('',(3.323503376676,4.07011777220168E-16,4.0625));
#1917=CARTESIAN_POINT('',(3.323503376676,-0.758567957839925,4.01785714285714));
#1918=CARTESIAN_POINT('',(2.99437307475364,-1.44201407204201,3.97321428571428));
#1919=CARTESIAN_POINT('',(2.66524277283129,-2.1254601862441,3.92857142857143));
#1920=CARTESIAN_POINT('',(2.07217046180055,-2.5984195719741,3.88392857142857));
#1921=CARTESIAN_POINT('',(1.47909815076982,-3.0713789577041,3.83928571428571));
#1922=CARTESIAN_POINT('',(0.739549075384909,-3.24017620815197,3.79464285714285));
#1923=CARTESIAN_POINT('',(6.26218265167888E-16,-3.40897345859985,3.75));
#1924=CARTESIAN_POINT('',(-0.739549075384908,-3.24017620815197,3.70535714285714));
#1925=CARTESIAN_POINT('',(-1.47909815076982,-3.0713789577041,3.66071428571428));
#1926=CARTESIAN_POINT('',(-2.07217046180055,-2.5984195719741,3.61607142857143));
#1927=CARTESIAN_POINT('',(-2.66524277283129,-2.1254601862441,3.57142857142857));
#1928=CARTESIAN_POINT('',(-2.99437307475364,-1.44201407204201,3.52678571428571));
#1929=CARTESIAN_POINT('',(-3.323503376676,-0.758567957839926,3.48214285714285));
#1930=CARTESIAN_POINT('',(-3.323503376676,0.,3.4375));
#1931=CARTESIAN_POINT('',(-3.323503376676,0.758567957839925,3.39285714285714));
#1932=CARTESIAN_POINT('',(-2.99437307475364,1.44201407204201,3.34821428571428));
#1933=CARTESIAN_POINT('',(-2.66524277283129,2.1254601862441,3.30357142857143));
#1934=CARTESIAN_POINT('',(-2.07217046180055,2.5984195719741,3.25892857142857));
#1935=CARTESIAN_POINT('',(-1.47909815076982,3.0713789577041,3.21428571428571));
#1936=CARTESIAN_POINT('',(-0.739549075384908,3.24017620815197,3.16964285714285));
#1937=CARTESIAN_POINT('',(-2.08739421722629E-16,3.40897345859985,3.125));
#1938=CARTESIAN_POINT('',(0.739549075384908,3.24017620815197,3.08035714285714));
#1939=CARTESIAN_POINT('',(1.47909815076982,3.0713789577041,3.03571428571428));
#1940=CARTESIAN_POINT('',(2.07217046180055,2.5984195719741,2.99107142857143));
#1941=CARTESIAN_POINT('',(2.66524277283129,2.1254601862441,2.94642857142857));
#1942=CARTESIAN_POINT('',(2.99437307475364,1.44201407204201,2.90178571428571));
#1943=CARTESIAN_POINT('',(3.323503376676,0.758567957839926,2.85714285714285));
#1944=CARTESIAN_POINT('',(3.323503376676,4.07011777220168E-16,2.8125));
#1945=CARTESIAN_POINT('',(3.323503376676,-0.758567957839925,2.76785714285714));
#1946=CARTESIAN_POINT('',(2.99437307475364,-1.44201407204201,2.72321428571428));
#1947=CARTESIAN_POINT('',(2.66524277283129,-2.1254601862441,2.67857142857143));
#1948=CARTESIAN_POINT('',(2.07217046180055,-2.5984195719741,2.63392857142857));
#1949=CARTESIAN_POINT('',(1.47909815076982,-3.0713789577041,2.58928571428571));
#1950=CARTESIAN_POINT('',(0.739549075384909,-3.24017620815197,2.54464285714285));
#1951=CARTESIAN_POINT('',(6.26218265167888E-16,-3.40897345859985,2.5));
#1952=CARTESIAN_POINT('',(-0.739549075384908,-3.24017620815197,2.45535714285714));
#1953=CARTESIAN_POINT('',(-1.47909815076982,-3.0713789577041,2.41071428571428));
#1954=CARTESIAN_POINT('',(-2.07217046180055,-2.5984195719741,2.36607142857143));
#1955=CARTESIAN_POINT('',(-2.66524277283129,-2.1254601862441,2.32142857142857));
#1956=CARTESIAN_POINT('',(-2.99437307475364,-1.44201407204201,2.27678571428571));
#1957=CARTESIAN_POINT('',(-3.323503376676,-0.758567957839926,2.23214285714285));
#1958=CARTESIAN_POINT('',(-3.323503376676,0.,2.1875));
#1959=CARTESIAN_POINT('',(-3.323503376676,0.758567957839925,2.14285714285714));
#1960=CARTESIAN_POINT('',(-2.99437307475364,1.44201407204201,2.09821428571428));
#1961=CARTESIAN_POINT('',(-2.66524277283129,2.1254601862441,2.05357142857143));
#1962=CARTESIAN_POINT('',(-2.07217046180055,2.5984195719741,2.00892857142857));
#1963=CARTESIAN_POINT('',(-1.47909815076982,3.0713789577041,1.96428571428571));
#1964=CARTESIAN_POINT('',(-0.739549075384908,3.24017620815197,1.91964285714285));
#1965=CARTESIAN_POINT('',(-2.08739421722629E-16,3.40897345859985,1.875));
#1966=CARTESIAN_POINT('',(0.739549075384908,3.24017620815197,1.83035714285714));
#1967=CARTESIAN_POINT('',(1.47909815076982,3.0713789577041,1.78571428571428));
#1968=CARTESIAN_POINT('',(2.07217046180055,2.5984195719741,1.74107142857143));
#1969=CARTESIAN_POINT('',(2.66524277283129,2.1254601862441,1.69642857142857));
#1970=CARTESIAN_POINT('',(2.99437307475364,1.44201407204201,1.65178571428571));
#1971=CARTESIAN_POINT('',(3.323503376676,0.758567957839926,1.60714285714285));
#1972=CARTESIAN_POINT('',(3.323503376676,4.07011777220168E-16,1.5625));
#1973=CARTESIAN_POINT('',(3.323503376676,-0.758567957839925,1.51785714285714));
#1974=CARTESIAN_POINT('',(2.99437307475364,-1.44201407204201,1.47321428571428));
#1975=CARTESIAN_POINT('',(2.66524277283129,-2.1254601862441,1.42857142857143));
#1976=CARTESIAN_POINT('',(2.07217046180055,-2.5984195719741,1.38392857142857));
#1977=CARTESIAN_POINT('',(1.47909815076982,-3.0713789577041,1.33928571428571));
#1978=CARTESIAN_POINT('',(0.739549075384909,-3.24017620815197,1.29464285714285));
#1979=CARTESIAN_POINT('',(6.26218265167888E-16,-3.40897345859985,1.25));
#1980=CARTESIAN_POINT('',(-0.739549075384908,-3.24017620815197,1.20535714285714));
#1981=CARTESIAN_POINT('',(-1.47909815076982,-3.0713789577041,1.16071428571428));
#1982=CARTESIAN_POINT('',(-2.07217046180055,-2.5984195719741,1.11607142857143));
#1983=CARTESIAN_POINT('',(-2.66524277283129,-2.1254601862441,1.07142857142857));
#1984=CARTESIAN_POINT('',(-2.99437307475364,-1.44201407204201,1.02678571428571));
#1985=CARTESIAN_POINT('',(-3.323503376676,-0.758567957839926,0.982142857142854));
#1986=CARTESIAN_POINT('',(-3.323503376676,0.,0.937499999999997));
#1987=CARTESIAN_POINT('',(-3.323503376676,0.758567957839925,0.89285714285714));
#1988=CARTESIAN_POINT('',(-2.99437307475364,1.44201407204201,0.848214285714283));
#1989=CARTESIAN_POINT('',(-2.66524277283129,2.1254601862441,0.803571428571426));
#1990=CARTESIAN_POINT('',(-2.07217046180055,2.5984195719741,0.758928571428568));
#1991=CARTESIAN_POINT('',(-1.47909815076982,3.0713789577041,0.714285714285712));
#1992=CARTESIAN_POINT('',(-0.739549075384908,3.24017620815197,0.669642857142854));
#1993=CARTESIAN_POINT('',(-2.08739421722629E-16,3.40897345859985,0.624999999999997));
#1994=CARTESIAN_POINT('',(0.739549075384908,3.24017620815197,0.580357142857139));
#1995=CARTESIAN_POINT('',(1.47909815076982,3.0713789577041,0.535714285714283));
#1996=CARTESIAN_POINT('',(2.07217046180055,2.5984195719741,0.491071428571426));
#1997=CARTESIAN_POINT('',(2.66524277283129,2.1254601862441,0.446428571428568));
#1998=CARTESIAN_POINT('',(2.99437307475364,1.44201407204201,0.401785714285712));
#1999=CARTESIAN_POINT('',(3.323503376676,0.758567957839926,0.357142857142854));
#2000=CARTESIAN_POINT('',(3.323503376676,4.07011777220168E-16,0.312499999999997));
#2001=CARTESIAN_POINT('',(3.323503376676,-0.758567957839925,0.267857142857139));
#2002=CARTESIAN_POINT('',(2.99437307475364,-1.44201407204201,0.223214285714283));
#2003=CARTESIAN_POINT('',(2.66524277283129,-2.1254601862441,0.178571428571425));
#2004=CARTESIAN_POINT('',(2.07217046180055,-2.5984195719741,0.133928571428568));
#2005=CARTESIAN_POINT('',(1.47909815076982,-3.0713789577041,0.0892857142857119));
#2006=CARTESIAN_POINT('',(0.739549075384909,-3.24017620815197,0.0446428571428542));
#2007=CARTESIAN_POINT('',(6.26218265167888E-16,-3.40897345859985,-3.46944695195361E-15));
#2008=CARTESIAN_POINT('',(-0.739549075384908,-3.24017620815197,-0.0446428571428594));
#2009=CARTESIAN_POINT('',(-1.47909815076982,-3.0713789577041,-0.0892857142857171));
#2010=CARTESIAN_POINT('',(-2.07217046180055,-2.5984195719741,-0.133928571428575));
#2011=CARTESIAN_POINT('',(-2.66524277283129,-2.1254601862441,-0.178571428571431));
#2012=CARTESIAN_POINT('',(-2.99437307475364,-1.44201407204201,-0.223214285714288));
#2013=CARTESIAN_POINT('',(-3.323503376676,-0.758567957839926,-0.267857142857146));
#2014=CARTESIAN_POINT('',(-3.323503376676,0.,-0.312500000000004));
#2015=CARTESIAN_POINT('',(-3.323503376676,0.758567957839925,-0.35714285714286));
#2016=CARTESIAN_POINT('',(-2.99437307475364,1.44201407204201,-0.401785714285717));
#2017=CARTESIAN_POINT('',(-2.66524277283129,2.1254601862441,-0.446428571428575));
#2018=CARTESIAN_POINT('',(-2.07217046180055,2.5984195719741,-0.491071428571431));
#2019=CARTESIAN_POINT('',(-1.47909815076982,3.0713789577041,-0.535714285714289));
#2020=CARTESIAN_POINT('',(-0.739549075384908,3.24017620815197,-0.580357142857146));
#2021=CARTESIAN_POINT('',(-2.08739421722629E-16,3.40897345859985,-0.625000000000002));
#2022=CARTESIAN_POINT('',(0.739549075384908,3.24017620815197,-0.66964285714286));
#2023=CARTESIAN_POINT('',(1.47909815076982,3.0713789577041,-0.714285714285718));
#2024=CARTESIAN_POINT('',(2.07217046180055,2.5984195719741,-0.758928571428574));
#2025=CARTESIAN_POINT('',(2.66524277283129,2.1254601862441,-0.803571428571431));
#2026=CARTESIAN_POINT('',(2.99437307475364,1.44201407204201,-0.848214285714289));
#2027=CARTESIAN_POINT('',(3.323503376676,0.758567957839926,-0.892857142857147));
#2028=CARTESIAN_POINT('',(3.323503376676,4.07011777220168E-16,-0.937500000000003));
#2029=CARTESIAN_POINT('',(3.323503376676,-0.758567957839925,-0.98214285714286));
#2030=CARTESIAN_POINT('',(2.99437307475364,-1.44201407204201,-1.02678571428572));
#2031=CARTESIAN_POINT('',(2.66524277283129,-2.1254601862441,-1.07142857142857));
#2032=CARTESIAN_POINT('',(2.07217046180055,-2.5984195719741,-1.11607142857143));
#2033=CARTESIAN_POINT('',(1.47909815076982,-3.0713789577041,-1.16071428571429));
#2034=CARTESIAN_POINT('',(0.739549075384909,-3.24017620815197,-1.20535714285715));
#2035=CARTESIAN_POINT('',(6.26218265167888E-16,-3.40897345859985,-1.25));
#2036=CARTESIAN_POINT('',(-0.739549075384908,-3.24017620815197,-1.29464285714286));
#2037=CARTESIAN_POINT('',(-1.47909815076982,-3.0713789577041,-1.33928571428572));
#2038=CARTESIAN_POINT('',(-2.07217046180055,-2.5984195719741,-1.38392857142857));
#2039=CARTESIAN_POINT('',(-2.66524277283129,-2.1254601862441,-1.42857142857143));
#2040=CARTESIAN_POINT('',(-2.99437307475364,-1.44201407204201,-1.47321428571429));
#2041=CARTESIAN_POINT('',(-3.323503376676,-0.758567957839926,-1.51785714285715));
#2042=CARTESIAN_POINT('',(-3.323503376676,0.,-1.5625));
#2043=CARTESIAN_POINT('',(-2.80488379548318,-1.78277917550454,3.55));
#2044=CARTESIAN_POINT('',(0.,0.,3.55));
#2045=CARTESIAN_POINT('',(-1.77880953169322,2.80740295375176,3.55));
#2046=CARTESIAN_POINT('',(-3.323503376676,0.,7.5));
#2047=CARTESIAN_POINT('',(-3.323503376676,0.758567957839925,7.45535714285714));
#2048=CARTESIAN_POINT('',(-2.99437307475364,1.44201407204201,7.41071428571428));
#2049=CARTESIAN_POINT('',(-2.66524277283129,2.1254601862441,7.36607142857143));
#2050=CARTESIAN_POINT('',(-2.07217046180055,2.5984195719741,7.32142857142857));
#2051=CARTESIAN_POINT('',(-1.47909815076982,3.0713789577041,7.27678571428571));
#2052=CARTESIAN_POINT('',(-0.739549075384908,3.24017620815197,7.23214285714285));
#2053=CARTESIAN_POINT('',(-2.08739421722629E-16,3.40897345859985,7.1875));
#2054=CARTESIAN_POINT('',(0.739549075384908,3.24017620815197,7.14285714285714));
#2055=CARTESIAN_POINT('',(1.47909815076982,3.0713789577041,7.09821428571428));
#2056=CARTESIAN_POINT('',(2.07217046180055,2.5984195719741,7.05357142857142));
#2057=CARTESIAN_POINT('',(2.66524277283129,2.1254601862441,7.00892857142857));
#2058=CARTESIAN_POINT('',(2.99437307475364,1.44201407204201,6.96428571428571));
#2059=CARTESIAN_POINT('',(3.323503376676,0.758567957839926,6.91964285714285));
#2060=CARTESIAN_POINT('',(3.323503376676,4.07011777220168E-16,6.875));
#2061=CARTESIAN_POINT('',(3.323503376676,-0.758567957839925,6.83035714285714));
#2062=CARTESIAN_POINT('',(2.99437307475364,-1.44201407204201,6.78571428571428));
#2063=CARTESIAN_POINT('',(2.66524277283129,-2.1254601862441,6.74107142857142));
#2064=CARTESIAN_POINT('',(2.07217046180055,-2.5984195719741,6.69642857142857));
#2065=CARTESIAN_POINT('',(1.47909815076982,-3.0713789577041,6.65178571428571));
#2066=CARTESIAN_POINT('',(0.739549075384909,-3.24017620815197,6.60714285714285));
#2067=CARTESIAN_POINT('',(6.26218265167888E-16,-3.40897345859985,6.5625));
#2068=CARTESIAN_POINT('',(-0.739549075384908,-3.24017620815197,6.51785714285714));
#2069=CARTESIAN_POINT('',(-1.47909815076982,-3.0713789577041,6.47321428571428));
#2070=CARTESIAN_POINT('',(-2.07217046180055,-2.5984195719741,6.42857142857143));
#2071=CARTESIAN_POINT('',(-2.66524277283129,-2.1254601862441,6.38392857142857));
#2072=CARTESIAN_POINT('',(-2.99437307475364,-1.44201407204201,6.33928571428571));
#2073=CARTESIAN_POINT('',(-3.323503376676,-0.758567957839926,6.29464285714285));
#2074=CARTESIAN_POINT('',(-3.323503376676,0.,6.25));
#2075=CARTESIAN_POINT('',(-3.323503376676,0.758567957839925,6.20535714285714));
#2076=CARTESIAN_POINT('',(-2.99437307475364,1.44201407204201,6.16071428571428));
#2077=CARTESIAN_POINT('',(-2.66524277283129,2.1254601862441,6.11607142857142));
#2078=CARTESIAN_POINT('',(-2.07217046180055,2.5984195719741,6.07142857142857));
#2079=CARTESIAN_POINT('',(-1.47909815076982,3.0713789577041,6.02678571428571));
#2080=CARTESIAN_POINT('',(-0.739549075384908,3.24017620815197,5.98214285714285));
#2081=CARTESIAN_POINT('',(-2.08739421722629E-16,3.40897345859985,5.9375));
#2082=CARTESIAN_POINT('',(0.739549075384908,3.24017620815197,5.89285714285714));
#2083=CARTESIAN_POINT('',(1.47909815076982,3.0713789577041,5.84821428571428));
#2084=CARTESIAN_POINT('',(2.07217046180055,2.5984195719741,5.80357142857143));
#2085=CARTESIAN_POINT('',(2.66524277283129,2.1254601862441,5.75892857142857));
#2086=CARTESIAN_POINT('',(2.99437307475364,1.44201407204201,5.71428571428571));
#2087=CARTESIAN_POINT('',(3.323503376676,0.758567957839926,5.66964285714285));
#2088=CARTESIAN_POINT('',(3.323503376676,4.07011777220168E-16,5.625));
#2089=CARTESIAN_POINT('',(3.323503376676,-0.758567957839925,5.58035714285714));
#2090=CARTESIAN_POINT('',(2.99437307475364,-1.44201407204201,5.53571428571428));
#2091=CARTESIAN_POINT('',(2.66524277283129,-2.1254601862441,5.49107142857143));
#2092=CARTESIAN_POINT('',(2.07217046180055,-2.5984195719741,5.44642857142857));
#2093=CARTESIAN_POINT('',(1.47909815076982,-3.0713789577041,5.40178571428571));
#2094=CARTESIAN_POINT('',(0.739549075384909,-3.24017620815197,5.35714285714285));
#2095=CARTESIAN_POINT('',(6.26218265167888E-16,-3.40897345859985,5.3125));
#2096=CARTESIAN_POINT('',(-0.739549075384908,-3.24017620815197,5.26785714285714));
#2097=CARTESIAN_POINT('',(-1.47909815076982,-3.0713789577041,5.22321428571428));
#2098=CARTESIAN_POINT('',(-2.07217046180055,-2.5984195719741,5.17857142857142));
#2099=CARTESIAN_POINT('',(-2.66524277283129,-2.1254601862441,5.13392857142857));
#2100=CARTESIAN_POINT('',(-2.99437307475364,-1.44201407204201,5.08928571428571));
#2101=CARTESIAN_POINT('',(-3.323503376676,-0.758567957839926,5.04464285714285));
#2102=CARTESIAN_POINT('',(-3.323503376676,0.,5.));
#2103=CARTESIAN_POINT('',(-3.323503376676,0.758567957839925,4.95535714285714));
#2104=CARTESIAN_POINT('',(-2.99437307475364,1.44201407204201,4.91071428571428));
#2105=CARTESIAN_POINT('',(-2.66524277283129,2.1254601862441,4.86607142857142));
#2106=CARTESIAN_POINT('',(-2.07217046180055,2.5984195719741,4.82142857142857));
#2107=CARTESIAN_POINT('',(-1.47909815076982,3.0713789577041,4.77678571428571));
#2108=CARTESIAN_POINT('',(-0.739549075384908,3.24017620815197,4.73214285714285));
#2109=CARTESIAN_POINT('',(-2.08739421722629E-16,3.40897345859985,4.6875));
#2110=CARTESIAN_POINT('',(0.739549075384908,3.24017620815197,4.64285714285714));
#2111=CARTESIAN_POINT('',(1.47909815076982,3.0713789577041,4.59821428571428));
#2112=CARTESIAN_POINT('',(2.07217046180055,2.5984195719741,4.55357142857142));
#2113=CARTESIAN_POINT('',(2.66524277283129,2.1254601862441,4.50892857142857));
#2114=CARTESIAN_POINT('',(2.99437307475364,1.44201407204201,4.46428571428571));
#2115=CARTESIAN_POINT('',(3.323503376676,0.758567957839926,4.41964285714285));
#2116=CARTESIAN_POINT('',(3.323503376676,4.07011777220168E-16,4.375));
#2117=CARTESIAN_POINT('',(3.323503376676,-0.758567957839925,4.33035714285714));
#2118=CARTESIAN_POINT('',(2.99437307475364,-1.44201407204201,4.28571428571428));
#2119=CARTESIAN_POINT('',(2.66524277283129,-2.1254601862441,4.24107142857142));
#2120=CARTESIAN_POINT('',(2.07217046180055,-2.5984195719741,4.19642857142857));
#2121=CARTESIAN_POINT('',(1.47909815076982,-3.0713789577041,4.15178571428571));
#2122=CARTESIAN_POINT('',(0.739549075384909,-3.24017620815197,4.10714285714285));
#2123=CARTESIAN_POINT('',(6.26218265167888E-16,-3.40897345859985,4.0625));
#2124=CARTESIAN_POINT('',(-0.739549075384908,-3.24017620815197,4.01785714285714));
#2125=CARTESIAN_POINT('',(-1.47909815076982,-3.0713789577041,3.97321428571428));
#2126=CARTESIAN_POINT('',(-2.07217046180055,-2.5984195719741,3.92857142857143));
#2127=CARTESIAN_POINT('',(-2.66524277283129,-2.1254601862441,3.88392857142857));
#2128=CARTESIAN_POINT('',(-2.99437307475364,-1.44201407204201,3.83928571428571));
#2129=CARTESIAN_POINT('',(-3.323503376676,-0.758567957839926,3.79464285714285));
#2130=CARTESIAN_POINT('',(-3.323503376676,0.,3.75));
#2131=CARTESIAN_POINT('',(-3.323503376676,0.758567957839925,3.70535714285714));
#2132=CARTESIAN_POINT('',(-2.99437307475364,1.44201407204201,3.66071428571428));
#2133=CARTESIAN_POINT('',(-2.66524277283129,2.1254601862441,3.61607142857142));
#2134=CARTESIAN_POINT('',(-2.07217046180055,2.5984195719741,3.57142857142857));
#2135=CARTESIAN_POINT('',(-1.47909815076982,3.0713789577041,3.52678571428571));
#2136=CARTESIAN_POINT('',(-0.739549075384908,3.24017620815197,3.48214285714285));
#2137=CARTESIAN_POINT('',(-2.08739421722629E-16,3.40897345859985,3.4375));
#2138=CARTESIAN_POINT('',(0.739549075384908,3.24017620815197,3.39285714285714));
#2139=CARTESIAN_POINT('',(1.47909815076982,3.0713789577041,3.34821428571428));
#2140=CARTESIAN_POINT('',(2.07217046180055,2.5984195719741,3.30357142857142));
#2141=CARTESIAN_POINT('',(2.66524277283129,2.1254601862441,3.25892857142857));
#2142=CARTESIAN_POINT('',(2.99437307475364,1.44201407204201,3.21428571428571));
#2143=CARTESIAN_POINT('',(3.323503376676,0.758567957839926,3.16964285714285));
#2144=CARTESIAN_POINT('',(3.323503376676,4.07011777220168E-16,3.125));
#2145=CARTESIAN_POINT('',(3.323503376676,-0.758567957839925,3.08035714285714));
#2146=CARTESIAN_POINT('',(2.99437307475364,-1.44201407204201,3.03571428571428));
#2147=CARTESIAN_POINT('',(2.66524277283129,-2.1254601862441,2.99107142857142));
#2148=CARTESIAN_POINT('',(2.07217046180055,-2.5984195719741,2.94642857142857));
#2149=CARTESIAN_POINT('',(1.47909815076982,-3.0713789577041,2.90178571428571));
#2150=CARTESIAN_POINT('',(0.739549075384909,-3.24017620815197,2.85714285714285));
#2151=CARTESIAN_POINT('',(6.26218265167888E-16,-3.40897345859985,2.8125));
#2152=CARTESIAN_POINT('',(-0.739549075384908,-3.24017620815197,2.76785714285714));
#2153=CARTESIAN_POINT('',(-1.47909815076982,-3.0713789577041,2.72321428571428));
#2154=CARTESIAN_POINT('',(-2.07217046180055,-2.5984195719741,2.67857142857143));
#2155=CARTESIAN_POINT('',(-2.66524277283129,-2.1254601862441,2.63392857142857));
#2156=CARTESIAN_POINT('',(-2.99437307475364,-1.44201407204201,2.58928571428571));
#2157=CARTESIAN_POINT('',(-3.323503376676,-0.758567957839926,2.54464285714285));
#2158=CARTESIAN_POINT('',(-3.323503376676,0.,2.5));
#2159=CARTESIAN_POINT('',(-3.323503376676,0.758567957839925,2.45535714285714));
#2160=CARTESIAN_POINT('',(-2.99437307475364,1.44201407204201,2.41071428571428));
#2161=CARTESIAN_POINT('',(-2.66524277283129,2.1254601862441,2.36607142857143));
#2162=CARTESIAN_POINT('',(-2.07217046180055,2.5984195719741,2.32142857142857));
#2163=CARTESIAN_POINT('',(-1.47909815076982,3.0713789577041,2.27678571428571));
#2164=CARTESIAN_POINT('',(-0.739549075384908,3.24017620815197,2.23214285714285));
#2165=CARTESIAN_POINT('',(-2.08739421722629E-16,3.40897345859985,2.1875));
#2166=CARTESIAN_POINT('',(0.739549075384908,3.24017620815197,2.14285714285714));
#2167=CARTESIAN_POINT('',(1.47909815076982,3.0713789577041,2.09821428571428));
#2168=CARTESIAN_POINT('',(2.07217046180055,2.5984195719741,2.05357142857142));
#2169=CARTESIAN_POINT('',(2.66524277283129,2.1254601862441,2.00892857142857));
#2170=CARTESIAN_POINT('',(2.99437307475364,1.44201407204201,1.96428571428571));
#2171=CARTESIAN_POINT('',(3.323503376676,0.758567957839926,1.91964285714285));
#2172=CARTESIAN_POINT('',(3.323503376676,4.07011777220168E-16,1.875));
#2173=CARTESIAN_POINT('',(3.323503376676,-0.758567957839925,1.83035714285714));
#2174=CARTESIAN_POINT('',(2.99437307475364,-1.44201407204201,1.78571428571428));
#2175=CARTESIAN_POINT('',(2.66524277283129,-2.1254601862441,1.74107142857143));
#2176=CARTESIAN_POINT('',(2.07217046180055,-2.5984195719741,1.69642857142857));
#2177=CARTESIAN_POINT('',(1.47909815076982,-3.0713789577041,1.65178571428571));
#2178=CARTESIAN_POINT('',(0.739549075384909,-3.24017620815197,1.60714285714285));
#2179=CARTESIAN_POINT('',(6.26218265167888E-16,-3.40897345859985,1.5625));
#2180=CARTESIAN_POINT('',(-0.739549075384908,-3.24017620815197,1.51785714285714));
#2181=CARTESIAN_POINT('',(-1.47909815076982,-3.0713789577041,1.47321428571428));
#2182=CARTESIAN_POINT('',(-2.07217046180055,-2.5984195719741,1.42857142857142));
#2183=CARTESIAN_POINT('',(-2.66524277283129,-2.1254601862441,1.38392857142857));
#2184=CARTESIAN_POINT('',(-2.99437307475364,-1.44201407204201,1.33928571428571));
#2185=CARTESIAN_POINT('',(-3.323503376676,-0.758567957839926,1.29464285714285));
#2186=CARTESIAN_POINT('',(-3.323503376676,0.,1.25));
#2187=CARTESIAN_POINT('',(-3.323503376676,0.758567957839925,1.20535714285714));
#2188=CARTESIAN_POINT('',(-2.99437307475364,1.44201407204201,1.16071428571428));
#2189=CARTESIAN_POINT('',(-2.66524277283129,2.1254601862441,1.11607142857142));
#2190=CARTESIAN_POINT('',(-2.07217046180055,2.5984195719741,1.07142857142857));
#2191=CARTESIAN_POINT('',(-1.47909815076982,3.0713789577041,1.02678571428571));
#2192=CARTESIAN_POINT('',(-0.739549075384908,3.24017620815197,0.982142857142853));
#2193=CARTESIAN_POINT('',(-2.08739421722629E-16,3.40897345859985,0.937499999999996));
#2194=CARTESIAN_POINT('',(0.739549075384908,3.24017620815197,0.892857142857139));
#2195=CARTESIAN_POINT('',(1.47909815076982,3.0713789577041,0.848214285714282));
#2196=CARTESIAN_POINT('',(2.07217046180055,2.5984195719741,0.803571428571425));
#2197=CARTESIAN_POINT('',(2.66524277283129,2.1254601862441,0.758928571428568));
#2198=CARTESIAN_POINT('',(2.99437307475364,1.44201407204201,0.714285714285711));
#2199=CARTESIAN_POINT('',(3.323503376676,0.758567957839926,0.669642857142853));
#2200=CARTESIAN_POINT('',(3.323503376676,4.07011777220168E-16,0.624999999999996));
#2201=CARTESIAN_POINT('',(3.323503376676,-0.758567957839925,0.580357142857139));
#2202=CARTESIAN_POINT('',(2.99437307475364,-1.44201407204201,0.535714285714282));
#2203=CARTESIAN_POINT('',(2.66524277283129,-2.1254601862441,0.491071428571425));
#2204=CARTESIAN_POINT('',(2.07217046180055,-2.5984195719741,0.446428571428568));
#2205=CARTESIAN_POINT('',(1.47909815076982,-3.0713789577041,0.40178571428571));
#2206=CARTESIAN_POINT('',(0.739549075384909,-3.24017620815197,0.357142857142854));
#2207=CARTESIAN_POINT('',(6.26218265167888E-16,-3.40897345859985,0.312499999999996));
#2208=CARTESIAN_POINT('',(-0.739549075384908,-3.24017620815197,0.267857142857139));
#2209=CARTESIAN_POINT('',(-1.47909815076982,-3.0713789577041,0.223214285714282));
#2210=CARTESIAN_POINT('',(-2.07217046180055,-2.5984195719741,0.178571428571425));
#2211=CARTESIAN_POINT('',(-2.66524277283129,-2.1254601862441,0.133928571428568));
#2212=CARTESIAN_POINT('',(-2.99437307475364,-1.44201407204201,0.0892857142857102));
#2213=CARTESIAN_POINT('',(-3.323503376676,-0.758567957839926,0.0446428571428533));
#2214=CARTESIAN_POINT('',(-3.323503376676,0.,-3.46944695195361E-15));
#2215=CARTESIAN_POINT('',(-3.323503376676,0.758567957839925,-0.0446428571428611));
#2216=CARTESIAN_POINT('',(-2.99437307475364,1.44201407204201,-0.089285714285718));
#2217=CARTESIAN_POINT('',(-2.66524277283129,2.1254601862441,-0.133928571428575));
#2218=CARTESIAN_POINT('',(-2.07217046180055,2.5984195719741,-0.178571428571432));
#2219=CARTESIAN_POINT('',(-1.47909815076982,3.0713789577041,-0.223214285714289));
#2220=CARTESIAN_POINT('',(-0.739549075384908,3.24017620815197,-0.267857142857147));
#2221=CARTESIAN_POINT('',(-2.08739421722629E-16,3.40897345859985,-0.312500000000004));
#2222=CARTESIAN_POINT('',(0.739549075384908,3.24017620815197,-0.357142857142861));
#2223=CARTESIAN_POINT('',(1.47909815076982,3.0713789577041,-0.401785714285717));
#2224=CARTESIAN_POINT('',(2.07217046180055,2.5984195719741,-0.446428571428575));
#2225=CARTESIAN_POINT('',(2.66524277283129,2.1254601862441,-0.491071428571433));
#2226=CARTESIAN_POINT('',(2.99437307475364,1.44201407204201,-0.535714285714289));
#2227=CARTESIAN_POINT('',(3.323503376676,0.758567957839926,-0.580357142857146));
#2228=CARTESIAN_POINT('',(3.323503376676,4.07011777220168E-16,-0.625000000000004));
#2229=CARTESIAN_POINT('',(3.323503376676,-0.758567957839925,-0.669642857142862));
#2230=CARTESIAN_POINT('',(2.99437307475364,-1.44201407204201,-0.714285714285718));
#2231=CARTESIAN_POINT('',(2.66524277283129,-2.1254601862441,-0.758928571428575));
#2232=CARTESIAN_POINT('',(2.07217046180055,-2.5984195719741,-0.803571428571433));
#2233=CARTESIAN_POINT('',(1.47909815076982,-3.0713789577041,-0.848214285714289));
#2234=CARTESIAN_POINT('',(0.739549075384909,-3.24017620815197,-0.892857142857147));
#2235=CARTESIAN_POINT('',(6.26218265167888E-16,-3.40897345859985,-0.937500000000004));
#2236=CARTESIAN_POINT('',(-0.739549075384908,-3.24017620815197,-0.98214285714286));
#2237=CARTESIAN_POINT('',(-1.47909815076982,-3.0713789577041,-1.02678571428572));
#2238=CARTESIAN_POINT('',(-2.07217046180055,-2.5984195719741,-1.07142857142858));
#2239=CARTESIAN_POINT('',(-2.66524277283129,-2.1254601862441,-1.11607142857143));
#2240=CARTESIAN_POINT('',(-2.99437307475364,-1.44201407204201,-1.16071428571429));
#2241=CARTESIAN_POINT('',(-3.323503376676,-0.758567957839926,-1.20535714285715));
#2242=CARTESIAN_POINT('',(-3.323503376676,0.,-1.25));
#2243=CARTESIAN_POINT('',(-3.323503376676,0.758567957839925,-1.29464285714286));
#2244=CARTESIAN_POINT('',(-2.99437307475364,1.44201407204201,-1.33928571428572));
#2245=CARTESIAN_POINT('',(-2.66524277283129,2.1254601862441,-1.38392857142858));
#2246=CARTESIAN_POINT('',(-2.07217046180055,2.5984195719741,-1.42857142857143));
#2247=CARTESIAN_POINT('',(-1.47909815076982,3.0713789577041,-1.47321428571429));
#2248=CARTESIAN_POINT('',(-0.739549075384908,3.24017620815197,-1.51785714285715));
#2249=CARTESIAN_POINT('',(-2.08739421722629E-16,3.40897345859985,-1.5625));
#2250=CARTESIAN_POINT('',(0.739549075384908,3.24017620815197,-1.60714285714286));
#2251=CARTESIAN_POINT('',(1.47909815076982,3.0713789577041,-1.65178571428572));
#2252=CARTESIAN_POINT('',(2.07217046180055,2.5984195719741,-1.69642857142857));
#2253=CARTESIAN_POINT('',(2.66524277283129,2.1254601862441,-1.74107142857143));
#2254=CARTESIAN_POINT('',(2.99437307475364,1.44201407204201,-1.78571428571429));
#2255=CARTESIAN_POINT('',(3.323503376676,0.758567957839926,-1.83035714285715));
#2256=CARTESIAN_POINT('',(3.323503376676,4.07011777220168E-16,-1.875));
#2257=CARTESIAN_POINT('',(3.323503376676,-0.758567957839925,-1.91964285714286));
#2258=CARTESIAN_POINT('',(2.99437307475364,-1.44201407204201,-1.96428571428572));
#2259=CARTESIAN_POINT('',(2.66524277283129,-2.1254601862441,-2.00892857142857));
#2260=CARTESIAN_POINT('',(2.07217046180055,-2.5984195719741,-2.05357142857143));
#2261=CARTESIAN_POINT('',(1.47909815076982,-3.0713789577041,-2.09821428571429));
#2262=CARTESIAN_POINT('',(0.739549075384909,-3.24017620815197,-2.14285714285715));
#2263=CARTESIAN_POINT('',(6.26218265167888E-16,-3.40897345859985,-2.1875));
#2264=CARTESIAN_POINT('',(-0.739549075384908,-3.24017620815197,-2.23214285714286));
#2265=CARTESIAN_POINT('',(-1.47909815076982,-3.0713789577041,-2.27678571428572));
#2266=CARTESIAN_POINT('',(-2.07217046180055,-2.5984195719741,-2.32142857142858));
#2267=CARTESIAN_POINT('',(-2.66524277283129,-2.1254601862441,-2.36607142857143));
#2268=CARTESIAN_POINT('',(-2.99437307475364,-1.44201407204201,-2.41071428571429));
#2269=CARTESIAN_POINT('',(-3.323503376676,-0.758567957839926,-2.45535714285715));
#2270=CARTESIAN_POINT('',(-3.323503376676,0.,-2.5));
#2271=CARTESIAN_POINT('',(6.35,5.875,3.5));
#2272=CARTESIAN_POINT('',(7.5,6.,3.5));
#2273=CARTESIAN_POINT('',(7.5,-8.875,3.5));
#2274=CARTESIAN_POINT('',(7.5,8.875,3.5));
#2275=CARTESIAN_POINT('',(6.35,-8.875,3.5));
#2276=CARTESIAN_POINT('',(-7.5,-8.875,3.5));
#2277=CARTESIAN_POINT('',(-7.5,6.,3.5));
#2278=CARTESIAN_POINT('',(-7.5,8.875,3.5));
#2279=CARTESIAN_POINT('',(-5.5,8.875,3.5));
#2280=CARTESIAN_POINT('',(7.5,6.,5.5));
#2281=CARTESIAN_POINT('',(7.5,0.750000000000001,-4.5));
#2282=CARTESIAN_POINT('',(7.5,0.750000000000009,-4.));
#2283=CARTESIAN_POINT('',(7.5,0.75,-7.11052887051015));
#2284=CARTESIAN_POINT('',(7.5,1.64763549530253,-7.11052887051015));
#2285=CARTESIAN_POINT('',(7.5,-0.75,-7.11052887051015));
#2286=CARTESIAN_POINT('',(7.5,-0.750000000000001,-8.));
#2287=CARTESIAN_POINT('',(7.5,-0.75,-4.));
#2288=CARTESIAN_POINT('',(7.5,6.,-4.));
#2289=CARTESIAN_POINT('',(7.5,-7.5,-4.));
#2290=CARTESIAN_POINT('',(7.5,-7.5,2.5));
#2291=CARTESIAN_POINT('',(7.5,-7.5,-7.11052887051015));
#2292=CARTESIAN_POINT('',(7.5,2.11242216747955,-7.11052887051015));
#2293=CARTESIAN_POINT('',(7.5,-9.,-7.11052887051015));
#2294=CARTESIAN_POINT('',(7.5,-9.,5.5));
#2295=CARTESIAN_POINT('',(7.5,-9.,5.75));
#2296=CARTESIAN_POINT('',(7.5,1.,5.75));
#2297=CARTESIAN_POINT('',(7.5,-8.875,5.75));
#2298=CARTESIAN_POINT('',(7.5,-8.875,5.5));
#2299=CARTESIAN_POINT('',(7.5,8.875,5.5));
#2300=CARTESIAN_POINT('',(7.5,8.875,5.75));
#2301=CARTESIAN_POINT('',(7.5,11.,5.75));
#2302=CARTESIAN_POINT('',(7.5,9.,5.75));
#2303=CARTESIAN_POINT('',(7.5,9.,5.5));
#2304=CARTESIAN_POINT('',(7.5,9.,-7.11052887051015));
#2305=CARTESIAN_POINT('',(7.5,12.1124221674796,-7.11052887051015));
#2306=CARTESIAN_POINT('',(7.5,7.5,-7.11052887051015));
#2307=CARTESIAN_POINT('',(7.5,7.5,2.5));
#2308=CARTESIAN_POINT('',(7.5,7.5,-4.));
#2309=CARTESIAN_POINT('',(7.5,6.,-4.));
#2310=CARTESIAN_POINT('',(-9.,6.,6.));
#2311=CARTESIAN_POINT('',(-9.,0.749999999999999,-8.00000000000001));
#2312=CARTESIAN_POINT('',(-9.,0.750000000000001,-4.));
#2313=CARTESIAN_POINT('',(-9.,0.749999999999999,-7.11052887051015));
#2314=CARTESIAN_POINT('',(-9.,1.64763549530253,-7.11052887051015));
#2315=CARTESIAN_POINT('',(-9.,-0.75,-7.11052887051015));
#2316=CARTESIAN_POINT('',(-9.,-0.75,-4.5));
#2317=CARTESIAN_POINT('',(-9.,-0.75,-4.));
#2318=CARTESIAN_POINT('',(-9.,6.,-4.));
#2319=CARTESIAN_POINT('',(-9.,-7.5,-4.));
#2320=CARTESIAN_POINT('',(-9.,-7.5,3.));
#2321=CARTESIAN_POINT('',(-9.,-7.5,-7.11052887051015));
#2322=CARTESIAN_POINT('',(-9.,2.11242216747955,-7.11052887051015));
#2323=CARTESIAN_POINT('',(-9.,-9.,-7.11052887051014));
#2324=CARTESIAN_POINT('',(-9.,-9.,6.));
#2325=CARTESIAN_POINT('',(-9.,-9.,6.5));
#2326=CARTESIAN_POINT('',(-9.,6.,6.5));
#2327=CARTESIAN_POINT('',(-9.,-2.5,6.5));
#2328=CARTESIAN_POINT('',(-9.,-2.5,6.));
#2329=CARTESIAN_POINT('',(-9.,-2.5,3.5));
#2330=CARTESIAN_POINT('',(-9.,6.,3.5));
#2331=CARTESIAN_POINT('',(-9.,2.5,3.5));
#2332=CARTESIAN_POINT('',(-9.,2.5,6.));
#2333=CARTESIAN_POINT('',(-9.,2.5,6.5));
#2334=CARTESIAN_POINT('',(-9.,6.,6.5));
#2335=CARTESIAN_POINT('',(-9.,9.,6.5));
#2336=CARTESIAN_POINT('',(-9.,9.,6.));
#2337=CARTESIAN_POINT('',(-9.,9.,-7.11052887051014));
#2338=CARTESIAN_POINT('',(-9.,12.1124221674796,-7.11052887051015));
#2339=CARTESIAN_POINT('',(-9.,7.5,-7.11052887051015));
#2340=CARTESIAN_POINT('',(-9.,7.5,3.));
#2341=CARTESIAN_POINT('',(-9.,7.5,-4.));
#2342=CARTESIAN_POINT('',(-9.,6.,-4.));
#2343=CARTESIAN_POINT('',(-7.5,0.749999999999999,-8.00000000000001));
#2344=CARTESIAN_POINT('',(-8.75990842607764,0.749999999999999,-8.47215584873943));
#2345=CARTESIAN_POINT('',(-8.97540747684105,0.749999999999999,-7.25));
#2346=CARTESIAN_POINT('',(-7.5,0.749999999999999,-4.));
#2347=CARTESIAN_POINT('',(-7.5,0.749999999999999,-4.));
#2348=CARTESIAN_POINT('',(-7.5,0.749999999999999,-8.00000000000001));
#2349=CARTESIAN_POINT('',(-7.5,0.749999999999999,-7.11052887051015));
#2350=CARTESIAN_POINT('',(-7.69486103951179,0.749999999999999,-8.21564074124518));
#2351=CARTESIAN_POINT('',(-7.52459252315895,0.749999999999999,-7.25));
#2352=CARTESIAN_POINT('',(-7.5,0.749999999999999,-7.25));
#2353=CARTESIAN_POINT('',(-7.5,-0.75,-4.5));
#2354=CARTESIAN_POINT('',(-9.35844367689756,-0.75,-5.07769376236408));
#2355=CARTESIAN_POINT('',(-8.97540747684105,-0.75,-7.25));
#2356=CARTESIAN_POINT('',(-7.5,-0.75,-7.25));
#2357=CARTESIAN_POINT('',(-7.52459252315895,-0.75,-7.25));
#2358=CARTESIAN_POINT('',(-7.09632578869187,-0.75,-4.82117865486983));
#2359=CARTESIAN_POINT('',(-7.5,-0.750000000000001,-7.11052887051015));
#2360=CARTESIAN_POINT('',(-7.5,-0.75,-4.5));
#2361=CARTESIAN_POINT('',(-7.5,-0.75,-4.));
#2362=CARTESIAN_POINT('',(-7.5,-0.75,-4.));
#2363=CARTESIAN_POINT('',(9.,0.750000000000001,-4.5));
#2364=CARTESIAN_POINT('',(7.14155632310244,0.750000000000001,-5.07769376236408));
#2365=CARTESIAN_POINT('',(7.52459252315894,0.75,-7.25));
#2366=CARTESIAN_POINT('',(9.,0.750000000000001,-4.));
#2367=CARTESIAN_POINT('',(9.,0.750000000000001,-4.));
#2368=CARTESIAN_POINT('',(9.,0.750000000000001,-4.5));
#2369=CARTESIAN_POINT('',(9.,0.75,-7.11052887051015));
#2370=CARTESIAN_POINT('',(9.40367421130813,0.750000000000001,-4.82117865486983));
#2371=CARTESIAN_POINT('',(8.97540747684105,0.75,-7.25));
#2372=CARTESIAN_POINT('',(9.,0.75,-7.25));
#2373=CARTESIAN_POINT('',(9.,-0.750000000000001,-8.));
#2374=CARTESIAN_POINT('',(7.74009157392236,-0.750000000000001,-8.47215584873943));
#2375=CARTESIAN_POINT('',(7.52459252315894,-0.75,-7.25));
#2376=CARTESIAN_POINT('',(9.,-0.75,-7.25));
#2377=CARTESIAN_POINT('',(8.97540747684105,-0.75,-7.25));
#2378=CARTESIAN_POINT('',(8.80513896048821,-0.750000000000001,-8.21564074124518));
#2379=CARTESIAN_POINT('',(9.,-0.750000000000001,-7.11052887051015));
#2380=CARTESIAN_POINT('',(9.,-0.750000000000001,-8.));
#2381=CARTESIAN_POINT('',(9.,-0.75,-4.));
#2382=CARTESIAN_POINT('',(9.,-0.75,-4.));
#2383=CARTESIAN_POINT('',(9.,-7.33127183299722E-16,-7.25));
#2384=CARTESIAN_POINT('',(7.52459252315894,-7.33127183299722E-16,-7.25));
#2385=CARTESIAN_POINT('',(8.97540747684105,-7.33127183299722E-16,-7.25));
#2386=CARTESIAN_POINT('',(-7.5,-1.0842021724855E-15,-7.25));
#2387=CARTESIAN_POINT('',(-8.97540747684105,-1.0842021724855E-15,-7.25));
#2388=CARTESIAN_POINT('',(-7.52459252315895,-1.0842021724855E-15,-7.25));
#2389=CARTESIAN_POINT('',(25.5566717146565,2.5,-4.));
#2390=CARTESIAN_POINT('',(25.5566717146565,7.5,-4.));
#2391=CARTESIAN_POINT('',(9.,7.5,-4.));
#2392=CARTESIAN_POINT('',(9.,6.,-4.));
#2393=CARTESIAN_POINT('',(21.5566717146565,2.5,-4.));
#2394=CARTESIAN_POINT('',(21.5566717146565,7.5,-4.));
#2395=CARTESIAN_POINT('',(-7.5,7.5,-4.));
#2396=CARTESIAN_POINT('',(-7.5,6.,-4.));
#2397=CARTESIAN_POINT('',(9.,6.,-5.));
#2398=CARTESIAN_POINT('',(9.,1.64763549530253,-7.11052887051015));
#2399=CARTESIAN_POINT('',(9.,7.5,-8.));
#2400=CARTESIAN_POINT('',(9.,7.5,-7.11052887051015));
#2401=CARTESIAN_POINT('',(9.,12.1124221674796,-7.11052887051015));
#2402=CARTESIAN_POINT('',(9.,9.,-7.11052887051015));
#2403=CARTESIAN_POINT('',(9.,9.,-5.));
#2404=CARTESIAN_POINT('',(9.,9.,6.5));
#2405=CARTESIAN_POINT('',(9.,6.,6.5));
#2406=CARTESIAN_POINT('',(9.,2.5,6.5));
#2407=CARTESIAN_POINT('',(9.,2.5,-5.));
#2408=CARTESIAN_POINT('',(9.,2.5,3.5));
#2409=CARTESIAN_POINT('',(9.,6.,3.5));
#2410=CARTESIAN_POINT('',(9.,-2.5,3.5));
#2411=CARTESIAN_POINT('',(9.,-2.5,-5.));
#2412=CARTESIAN_POINT('',(9.,-2.5,6.5));
#2413=CARTESIAN_POINT('',(9.,6.,6.5));
#2414=CARTESIAN_POINT('',(9.,-9.,6.5));
#2415=CARTESIAN_POINT('',(9.,-9.,-5.));
#2416=CARTESIAN_POINT('',(9.,-9.,-7.11052887051015));
#2417=CARTESIAN_POINT('',(9.,2.11242216747955,-7.11052887051015));
#2418=CARTESIAN_POINT('',(9.,-7.5,-7.11052887051015));
#2419=CARTESIAN_POINT('',(9.,-7.5,-8.));
#2420=CARTESIAN_POINT('',(9.,-7.5,-4.));
#2421=CARTESIAN_POINT('',(9.,6.,-4.));
#2422=CARTESIAN_POINT('',(5.,-9.,6.));
#2423=CARTESIAN_POINT('',(-10.2137027810461,-9.,-0.227278353943968));
#2424=CARTESIAN_POINT('',(-8.97540747684106,-9.,-7.25));
#2425=CARTESIAN_POINT('',(-8.24992600599266,-9.,-7.25));
#2426=CARTESIAN_POINT('',(-7.52459252315895,-9.,-7.25));
#2427=CARTESIAN_POINT('',(-5.71337711642005,-9.,3.02191300764987));
#2428=CARTESIAN_POINT('',(-7.5,-9.,-7.11052887051015));
#2429=CARTESIAN_POINT('',(-7.5,-9.,-5.));
#2430=CARTESIAN_POINT('',(-7.5,-9.,5.75));
#2431=CARTESIAN_POINT('',(-6.75,-9.,5.75));
#2432=CARTESIAN_POINT('',(-6.75,-9.,6.5));
#2433=CARTESIAN_POINT('',(-4.5,-9.,6.5));
#2434=CARTESIAN_POINT('',(6.75,-9.,6.5));
#2435=CARTESIAN_POINT('',(6.75,-9.,5.75));
#2436=CARTESIAN_POINT('',(6.0149140124905,-9.,1.31181229102154));
#2437=CARTESIAN_POINT('',(7.52459252315895,-9.,-7.25));
#2438=CARTESIAN_POINT('',(8.24992600599266,-9.,-7.25));
#2439=CARTESIAN_POINT('',(8.97540747684106,-9.,-7.25));
#2440=CARTESIAN_POINT('',(10.5152396771165,-9.,1.48282236268437));
#2441=CARTESIAN_POINT('',(7.5,-9.,6.5));
#2442=CARTESIAN_POINT('',(7.5,-9.,8.));
#2443=CARTESIAN_POINT('',(-5.,-9.,8.));
#2444=CARTESIAN_POINT('',(-7.5,-9.,8.));
#2445=CARTESIAN_POINT('',(-7.5,-9.,6.5));
#2446=CARTESIAN_POINT('',(5.,9.,6.));
#2447=CARTESIAN_POINT('',(-8.24992600599266,9.,-7.25));
#2448=CARTESIAN_POINT('',(-7.52459252315895,9.,-7.25));
#2449=CARTESIAN_POINT('',(-8.97540747684106,9.,-7.25));
#2450=CARTESIAN_POINT('',(-10.2137027810461,9.,-0.227278353943968));
#2451=CARTESIAN_POINT('',(-7.5,9.,6.5));
#2452=CARTESIAN_POINT('',(-7.5,9.,8.));
#2453=CARTESIAN_POINT('',(-5.,9.,8.));
#2454=CARTESIAN_POINT('',(7.5,9.,8.));
#2455=CARTESIAN_POINT('',(7.5,9.,6.5));
#2456=CARTESIAN_POINT('',(10.5152396771165,9.,1.48282236268437));
#2457=CARTESIAN_POINT('',(8.97540747684106,9.,-7.25));
#2458=CARTESIAN_POINT('',(8.24992600599266,9.,-7.25));
#2459=CARTESIAN_POINT('',(7.52459252315895,9.,-7.25));
#2460=CARTESIAN_POINT('',(6.0149140124905,9.,1.31181229102154));
#2461=CARTESIAN_POINT('',(6.75,9.,5.75));
#2462=CARTESIAN_POINT('',(6.75,9.,6.5));
#2463=CARTESIAN_POINT('',(-4.5,9.,6.5));
#2464=CARTESIAN_POINT('',(-6.75,9.,6.5));
#2465=CARTESIAN_POINT('',(-6.75,9.,5.75));
#2466=CARTESIAN_POINT('',(-7.5,9.,5.75));
#2467=CARTESIAN_POINT('',(-7.5,9.,-5.));
#2468=CARTESIAN_POINT('',(-7.5,9.,-7.11052887051015));
#2469=CARTESIAN_POINT('',(-5.71337711642005,9.,3.02191300764987));
#2470=CARTESIAN_POINT('',(25.5566717146565,7.5,-8.));
#2471=CARTESIAN_POINT('',(8.22425946892834,7.5,-11.2180084293294));
#2472=CARTESIAN_POINT('',(7.52459252315895,7.5,-7.25));
#2473=CARTESIAN_POINT('',(25.5566717146565,7.5,-7.25));
#2474=CARTESIAN_POINT('',(8.97540747684105,7.5,-7.25));
#2475=CARTESIAN_POINT('',(9.30438370029771,7.5,-5.38428312482376));
#2476=CARTESIAN_POINT('',(25.5566717146565,-7.5,-8.));
#2477=CARTESIAN_POINT('',(8.22425946892834,-7.5,-11.2180084293294));
#2478=CARTESIAN_POINT('',(7.52459252315895,-7.5,-7.25));
#2479=CARTESIAN_POINT('',(25.5566717146565,-7.5,-4.));
#2480=CARTESIAN_POINT('',(9.30438370029771,-7.5,-5.38428312482376));
#2481=CARTESIAN_POINT('',(8.97540747684105,-7.5,-7.25));
#2482=CARTESIAN_POINT('',(25.5566717146565,-7.5,-7.25));
#2483=CARTESIAN_POINT('',(21.5566717146565,7.5,-8.));
#2484=CARTESIAN_POINT('',(-7.88374256618007,7.5,-13.4411393609463));
#2485=CARTESIAN_POINT('',(-8.97540747684105,7.5,-7.25));
#2486=CARTESIAN_POINT('',(21.5566717146565,7.5,-7.25));
#2487=CARTESIAN_POINT('',(-7.52459252315895,7.5,-7.25));
#2488=CARTESIAN_POINT('',(-6.8036183348107,7.5,-3.16115219320692));
#2489=CARTESIAN_POINT('',(-7.5,7.5,-7.11052887051015));
#2490=CARTESIAN_POINT('',(-7.5,7.5,-8.));
#2491=CARTESIAN_POINT('',(21.5566717146565,-7.5,-8.));
#2492=CARTESIAN_POINT('',(-7.88374256618007,-7.5,-13.4411393609463));
#2493=CARTESIAN_POINT('',(-8.97540747684105,-7.5,-7.25));
#2494=CARTESIAN_POINT('',(21.5566717146565,-7.5,-4.));
#2495=CARTESIAN_POINT('',(-7.5,-7.5,-4.));
#2496=CARTESIAN_POINT('',(-7.5,-7.5,-8.00000000000001));
#2497=CARTESIAN_POINT('',(-7.5,-7.5,-7.11052887051015));
#2498=CARTESIAN_POINT('',(-6.8036183348107,-7.5,-3.16115219320692));
#2499=CARTESIAN_POINT('',(-7.52459252315895,-7.5,-7.25));
#2500=CARTESIAN_POINT('',(21.5566717146565,-7.5,-7.25));
#2501=CARTESIAN_POINT('',(9.,-8.25,-7.25));
#2502=CARTESIAN_POINT('',(7.52459252315895,-8.25,-7.25));
#2503=CARTESIAN_POINT('',(8.97540747684106,-8.25,-7.25));
#2504=CARTESIAN_POINT('',(-7.5,-8.25,-7.25));
#2505=CARTESIAN_POINT('',(-8.97540747684106,-8.25,-7.25));
#2506=CARTESIAN_POINT('',(-7.52459252315894,-8.25,-7.25));
#2507=CARTESIAN_POINT('',(-7.5,8.25,-7.25));
#2508=CARTESIAN_POINT('',(-8.97540747684106,8.25,-7.25));
#2509=CARTESIAN_POINT('',(-7.52459252315894,8.25,-7.25));
#2510=CARTESIAN_POINT('',(8.,8.25,-7.25));
#2511=CARTESIAN_POINT('',(7.52459252315895,8.25,-7.25));
#2512=CARTESIAN_POINT('',(8.97540747684106,8.25,-7.25));
#2513=CARTESIAN_POINT('',(25.5566717146565,2.5,-4.));
#2514=CARTESIAN_POINT('',(21.5566717146565,2.5,-4.));
#2515=CARTESIAN_POINT('',(-7.5,6.,-4.));
#2516=CARTESIAN_POINT('',(-7.5,6.,-5.));
#2517=CARTESIAN_POINT('',(-7.5,1.64763549530253,-7.11052887051015));
#2518=CARTESIAN_POINT('',(-7.5,12.1124221674796,-7.11052887051015));
#2519=CARTESIAN_POINT('',(-7.5,11.,5.75));
#2520=CARTESIAN_POINT('',(-7.5,8.875,5.75));
#2521=CARTESIAN_POINT('',(-7.5,8.875,-5.));
#2522=CARTESIAN_POINT('',(-7.5,-8.875,-5.));
#2523=CARTESIAN_POINT('',(-7.5,-8.875,5.75));
#2524=CARTESIAN_POINT('',(-7.5,1.,5.75));
#2525=CARTESIAN_POINT('',(-7.5,2.11242216747955,-7.11052887051015));
#2526=CARTESIAN_POINT('',(-4.5,3.,6.5));
#2527=CARTESIAN_POINT('',(-6.75,3.,6.5));
#2528=CARTESIAN_POINT('',(-6.75,-8.875,6.5));
#2529=CARTESIAN_POINT('',(4.5,-8.875,6.5));
#2530=CARTESIAN_POINT('',(6.75,-8.875,6.5));
#2531=CARTESIAN_POINT('',(6.75,3.,6.5));
#2532=CARTESIAN_POINT('',(-11.,-1.75,3.5));
#2533=CARTESIAN_POINT('',(-11.,-2.5,3.5));
#2534=CARTESIAN_POINT('',(-8.85,-2.5,3.5));
#2535=CARTESIAN_POINT('',(-8.85,5.875,3.5));
#2536=CARTESIAN_POINT('',(-8.85,2.5,3.5));
#2537=CARTESIAN_POINT('',(-11.,2.5,3.5));
#2538=CARTESIAN_POINT('',(11.,-1.75,3.5));
#2539=CARTESIAN_POINT('',(11.,-2.5,3.5));
#2540=CARTESIAN_POINT('',(8.85,-2.5,3.5));
#2541=CARTESIAN_POINT('',(11.,2.5,3.5));
#2542=CARTESIAN_POINT('',(8.85,2.5,3.5));
#2543=CARTESIAN_POINT('',(8.85,5.875,3.5));
#2544=CARTESIAN_POINT('',(6.75,3.,5.75));
#2545=CARTESIAN_POINT('',(6.75,-8.875,5.75));
#2546=CARTESIAN_POINT('',(-6.75,1.,5.75));
#2547=CARTESIAN_POINT('',(-6.75,-8.875,5.75));
#2548=CARTESIAN_POINT('',(-11.,2.5,6.));
#2549=CARTESIAN_POINT('',(-8.85,2.5,6.));
#2550=CARTESIAN_POINT('',(-8.85,2.5,6.5));
#2551=CARTESIAN_POINT('',(-11.,2.5,6.5));
#2552=CARTESIAN_POINT('',(-7.5,2.5,6.5));
#2553=CARTESIAN_POINT('',(-7.5,2.5,6.));
#2554=CARTESIAN_POINT('',(-7.5,2.5,8.));
#2555=CARTESIAN_POINT('',(-7.5,2.5,6.5));
#2556=CARTESIAN_POINT('',(-11.,-2.5,6.));
#2557=CARTESIAN_POINT('',(-8.85,-2.5,6.));
#2558=CARTESIAN_POINT('',(-8.85,-2.5,6.5));
#2559=CARTESIAN_POINT('',(-7.5,-2.5,6.5));
#2560=CARTESIAN_POINT('',(-7.5,-2.5,8.));
#2561=CARTESIAN_POINT('',(-7.5,-2.5,6.));
#2562=CARTESIAN_POINT('',(-7.5,-2.5,6.5));
#2563=CARTESIAN_POINT('',(-11.,-2.5,6.5));
#2564=CARTESIAN_POINT('',(-7.5,0.,1.5));
#2565=CARTESIAN_POINT('',(-7.5,0.,6.5));
#2566=CARTESIAN_POINT('',(-7.5,6.,8.));
#2567=CARTESIAN_POINT('',(11.,2.5,6.));
#2568=CARTESIAN_POINT('',(7.5,2.5,6.));
#2569=CARTESIAN_POINT('',(7.5,2.5,6.5));
#2570=CARTESIAN_POINT('',(7.5,2.5,8.));
#2571=CARTESIAN_POINT('',(11.,2.5,6.5));
#2572=CARTESIAN_POINT('',(8.85,2.5,6.5));
#2573=CARTESIAN_POINT('',(8.85,2.5,6.));
#2574=CARTESIAN_POINT('',(7.5,2.5,6.5));
#2575=CARTESIAN_POINT('',(11.,-2.5,6.));
#2576=CARTESIAN_POINT('',(8.85,-2.5,6.));
#2577=CARTESIAN_POINT('',(8.85,-2.5,6.5));
#2578=CARTESIAN_POINT('',(11.,-2.5,6.5));
#2579=CARTESIAN_POINT('',(7.5,-2.5,6.5));
#2580=CARTESIAN_POINT('',(7.5,-2.5,6.));
#2581=CARTESIAN_POINT('',(7.5,-2.5,8.));
#2582=CARTESIAN_POINT('',(7.5,-2.5,6.5));
#2583=CARTESIAN_POINT('',(7.5,0.,1.5));
#2584=CARTESIAN_POINT('',(7.5,0.,6.5));
#2585=CARTESIAN_POINT('',(7.5,6.,8.));
#2586=CARTESIAN_POINT('',(7.5,6.,6.5));
#2587=CARTESIAN_POINT('',(7.5,6.,8.));
#2588=CARTESIAN_POINT('',(7.5,6.,6.5));
#2589=CARTESIAN_POINT('',(7.5,6.,8.));
#2590=CARTESIAN_POINT('',(6.75,9.,5.75));
#2591=CARTESIAN_POINT('',(6.75,8.875,5.75));
#2592=CARTESIAN_POINT('',(6.75,8.875,6.5));
#2593=CARTESIAN_POINT('',(6.75,9.,6.5));
#2594=CARTESIAN_POINT('',(-7.5,6.,6.5));
#2595=CARTESIAN_POINT('',(-7.5,6.,8.));
#2596=CARTESIAN_POINT('',(-5.,6.,8.));
#2597=CARTESIAN_POINT('',(0.,0.,8.));
#2598=CARTESIAN_POINT('',(3.823503376676,0.,8.));
#2599=CARTESIAN_POINT('',(-7.5,6.,8.));
#2600=CARTESIAN_POINT('',(-7.5,6.,6.5));
#2601=CARTESIAN_POINT('',(-6.75,11.,5.75));
#2602=CARTESIAN_POINT('',(-6.75,8.875,5.75));
#2603=CARTESIAN_POINT('',(-6.75,8.875,6.5));
#2604=CARTESIAN_POINT('',(-6.75,9.,6.5));
#2605=CARTESIAN_POINT('',(-4.5,9.,6.5));
#2606=CARTESIAN_POINT('',(-6.25,8.875,6.5));
#2607=CARTESIAN_POINT('',(6.5,5.875,6.5));
#2608=CARTESIAN_POINT('',(8.85,5.875,6.5));
#2609=CARTESIAN_POINT('',(8.85,5.875,6.5));
#2610=CARTESIAN_POINT('',(2.5,5.875,6.5));
#2611=CARTESIAN_POINT('',(-8.85,5.875,6.5));
#2612=CARTESIAN_POINT('',(-8.85,5.875,4.5));
#2613=CARTESIAN_POINT('',(0.,8.875,1.5));
#2614=CARTESIAN_POINT('',(0.,-8.875,1.5));
#2615=CARTESIAN_POINT('',(8.79908049613259,12.1124221674796,-8.25000000000001));
#2616=CARTESIAN_POINT('',(7.70091950386741,12.1124221674796,-8.25000000000001));
#2617=CARTESIAN_POINT('',(-7.70091950386741,12.1124221674796,-8.25000000000001));
#2618=CARTESIAN_POINT('',(-8.79908049613259,12.1124221674796,-8.25000000000001));
#2619=CARTESIAN_POINT('',(-7.70091950386741,2.11242216747955,-8.25000000000001));
#2620=CARTESIAN_POINT('',(-8.79908049613259,2.11242216747955,-8.25000000000001));
#2621=CARTESIAN_POINT('',(8.79908049613259,2.11242216747955,-8.25000000000001));
#2622=CARTESIAN_POINT('',(7.70091950386741,2.11242216747955,-8.25000000000001));
#2623=CARTESIAN_POINT('',(-7.70091950386741,1.64763549530253,-8.25000000000001));
#2624=CARTESIAN_POINT('',(-8.79908049613259,1.64763549530253,-8.25000000000001));
#2625=CARTESIAN_POINT('',(8.79908049613259,1.64763549530253,-8.25000000000001));
#2626=CARTESIAN_POINT('',(7.70091950386741,1.64763549530253,-8.25000000000001));
#2627=CARTESIAN_POINT('',(0.,0.,7.5));
#2628=CARTESIAN_POINT('',(0.,0.,7.5));
#2629=CARTESIAN_POINT('',(2.88037232936025,1.65805004117264,7.91627222177847));
#2630=CARTESIAN_POINT('',(2.94134492014877,1.55212816969977,7.90897839243399));
#2631=CARTESIAN_POINT('',(2.99437307475364,1.44201407204201,7.90178571428571));
#2632=CARTESIAN_POINT('',(3.323503376676,0.758567957839926,7.85714285714285));
#2633=CARTESIAN_POINT('',(3.323503376676,4.07011777220168E-16,7.8125));
#2634=CARTESIAN_POINT('',(3.323503376676,-0.758567957839925,7.76785714285714));
#2635=CARTESIAN_POINT('',(2.99437307475364,-1.44201407204201,7.72321428571428));
#2636=CARTESIAN_POINT('',(2.66524277283129,-2.1254601862441,7.67857142857143));
#2637=CARTESIAN_POINT('',(2.07217046180055,-2.5984195719741,7.63392857142857));
#2638=CARTESIAN_POINT('',(1.47909815076982,-3.0713789577041,7.58928571428571));
#2639=CARTESIAN_POINT('',(0.739549075384909,-3.24017620815197,7.54464285714285));
#2640=CARTESIAN_POINT('',(6.26218265167888E-16,-3.40897345859985,7.5));
#2641=CARTESIAN_POINT('',(-0.739549075384908,-3.24017620815197,7.45535714285714));
#2642=CARTESIAN_POINT('',(-1.47909815076982,-3.0713789577041,7.41071428571428));
#2643=CARTESIAN_POINT('',(-2.07217046180055,-2.5984195719741,7.36607142857143));
#2644=CARTESIAN_POINT('',(-2.66524277283129,-2.1254601862441,7.32142857142857));
#2645=CARTESIAN_POINT('',(-2.99437307475364,-1.44201407204201,7.27678571428571));
#2646=CARTESIAN_POINT('',(-3.323503376676,-0.758567957839926,7.23214285714285));
#2647=CARTESIAN_POINT('',(-3.323503376676,0.,7.1875));
#2648=CARTESIAN_POINT('',(-3.323503376676,0.758567957839925,7.14285714285714));
#2649=CARTESIAN_POINT('',(-2.99437307475364,1.44201407204201,7.09821428571428));
#2650=CARTESIAN_POINT('',(-2.66524277283129,2.1254601862441,7.05357142857143));
#2651=CARTESIAN_POINT('',(-2.07217046180055,2.5984195719741,7.00892857142857));
#2652=CARTESIAN_POINT('',(-1.47909815076982,3.0713789577041,6.96428571428571));
#2653=CARTESIAN_POINT('',(-0.739549075384908,3.24017620815197,6.91964285714285));
#2654=CARTESIAN_POINT('',(-2.08739421722629E-16,3.40897345859985,6.875));
#2655=CARTESIAN_POINT('',(0.739549075384908,3.24017620815197,6.83035714285714));
#2656=CARTESIAN_POINT('',(1.47909815076982,3.0713789577041,6.78571428571428));
#2657=CARTESIAN_POINT('',(2.07217046180055,2.5984195719741,6.74107142857143));
#2658=CARTESIAN_POINT('',(2.66524277283129,2.1254601862441,6.69642857142857));
#2659=CARTESIAN_POINT('',(2.99437307475364,1.44201407204201,6.65178571428571));
#2660=CARTESIAN_POINT('',(3.323503376676,0.758567957839926,6.60714285714285));
#2661=CARTESIAN_POINT('',(3.323503376676,4.07011777220168E-16,6.5625));
#2662=CARTESIAN_POINT('',(3.323503376676,-0.758567957839925,6.51785714285714));
#2663=CARTESIAN_POINT('',(2.99437307475364,-1.44201407204201,6.47321428571428));
#2664=CARTESIAN_POINT('',(2.66524277283129,-2.1254601862441,6.42857142857143));
#2665=CARTESIAN_POINT('',(2.07217046180055,-2.5984195719741,6.38392857142857));
#2666=CARTESIAN_POINT('',(1.47909815076982,-3.0713789577041,6.33928571428571));
#2667=CARTESIAN_POINT('',(0.739549075384909,-3.24017620815197,6.29464285714285));
#2668=CARTESIAN_POINT('',(6.26218265167888E-16,-3.40897345859985,6.25));
#2669=CARTESIAN_POINT('',(-0.739549075384908,-3.24017620815197,6.20535714285714));
#2670=CARTESIAN_POINT('',(-1.47909815076982,-3.0713789577041,6.16071428571428));
#2671=CARTESIAN_POINT('',(-2.07217046180055,-2.5984195719741,6.11607142857143));
#2672=CARTESIAN_POINT('',(-2.66524277283129,-2.1254601862441,6.07142857142857));
#2673=CARTESIAN_POINT('',(-2.99437307475364,-1.44201407204201,6.02678571428571));
#2674=CARTESIAN_POINT('',(-3.323503376676,-0.758567957839926,5.98214285714285));
#2675=CARTESIAN_POINT('',(-3.323503376676,0.,5.9375));
#2676=CARTESIAN_POINT('',(-3.323503376676,0.758567957839925,5.89285714285714));
#2677=CARTESIAN_POINT('',(-2.99437307475364,1.44201407204201,5.84821428571428));
#2678=CARTESIAN_POINT('',(-2.66524277283129,2.1254601862441,5.80357142857143));
#2679=CARTESIAN_POINT('',(-2.07217046180055,2.5984195719741,5.75892857142857));
#2680=CARTESIAN_POINT('',(-1.47909815076982,3.0713789577041,5.71428571428571));
#2681=CARTESIAN_POINT('',(-0.739549075384908,3.24017620815197,5.66964285714285));
#2682=CARTESIAN_POINT('',(-2.08739421722629E-16,3.40897345859985,5.625));
#2683=CARTESIAN_POINT('',(0.739549075384908,3.24017620815197,5.58035714285714));
#2684=CARTESIAN_POINT('',(1.47909815076982,3.0713789577041,5.53571428571428));
#2685=CARTESIAN_POINT('',(2.07217046180055,2.5984195719741,5.49107142857143));
#2686=CARTESIAN_POINT('',(2.66524277283129,2.1254601862441,5.44642857142857));
#2687=CARTESIAN_POINT('',(2.99437307475364,1.44201407204201,5.40178571428571));
#2688=CARTESIAN_POINT('',(3.323503376676,0.758567957839926,5.35714285714285));
#2689=CARTESIAN_POINT('',(3.323503376676,4.07011777220168E-16,5.3125));
#2690=CARTESIAN_POINT('',(3.323503376676,-0.758567957839925,5.26785714285714));
#2691=CARTESIAN_POINT('',(2.99437307475364,-1.44201407204201,5.22321428571428));
#2692=CARTESIAN_POINT('',(2.66524277283129,-2.1254601862441,5.17857142857143));
#2693=CARTESIAN_POINT('',(2.07217046180055,-2.5984195719741,5.13392857142857));
#2694=CARTESIAN_POINT('',(1.47909815076982,-3.0713789577041,5.08928571428571));
#2695=CARTESIAN_POINT('',(0.739549075384909,-3.24017620815197,5.04464285714285));
#2696=CARTESIAN_POINT('',(6.26218265167888E-16,-3.40897345859985,5.));
#2697=CARTESIAN_POINT('',(-0.739549075384908,-3.24017620815197,4.95535714285714));
#2698=CARTESIAN_POINT('',(-1.47909815076982,-3.0713789577041,4.91071428571428));
#2699=CARTESIAN_POINT('',(-2.07217046180055,-2.5984195719741,4.86607142857143));
#2700=CARTESIAN_POINT('',(-2.66524277283129,-2.1254601862441,4.82142857142857));
#2701=CARTESIAN_POINT('',(-2.99437307475364,-1.44201407204201,4.77678571428571));
#2702=CARTESIAN_POINT('',(-3.323503376676,-0.758567957839926,4.73214285714285));
#2703=CARTESIAN_POINT('',(-3.323503376676,0.,4.6875));
#2704=CARTESIAN_POINT('',(-3.323503376676,0.758567957839925,4.64285714285714));
#2705=CARTESIAN_POINT('',(-2.99437307475364,1.44201407204201,4.59821428571428));
#2706=CARTESIAN_POINT('',(-2.66524277283129,2.1254601862441,4.55357142857143));
#2707=CARTESIAN_POINT('',(-2.07217046180055,2.5984195719741,4.50892857142857));
#2708=CARTESIAN_POINT('',(-1.47909815076982,3.0713789577041,4.46428571428571));
#2709=CARTESIAN_POINT('',(-0.739549075384908,3.24017620815197,4.41964285714285));
#2710=CARTESIAN_POINT('',(-2.08739421722629E-16,3.40897345859985,4.375));
#2711=CARTESIAN_POINT('',(0.739549075384908,3.24017620815197,4.33035714285714));
#2712=CARTESIAN_POINT('',(1.47909815076982,3.0713789577041,4.28571428571428));
#2713=CARTESIAN_POINT('',(2.07217046180055,2.5984195719741,4.24107142857143));
#2714=CARTESIAN_POINT('',(2.66524277283129,2.1254601862441,4.19642857142857));
#2715=CARTESIAN_POINT('',(2.99437307475364,1.44201407204201,4.15178571428571));
#2716=CARTESIAN_POINT('',(3.323503376676,0.758567957839926,4.10714285714285));
#2717=CARTESIAN_POINT('',(3.323503376676,4.07011777220168E-16,4.0625));
#2718=CARTESIAN_POINT('',(3.323503376676,-0.758567957839925,4.01785714285714));
#2719=CARTESIAN_POINT('',(2.99437307475364,-1.44201407204201,3.97321428571428));
#2720=CARTESIAN_POINT('',(2.66524277283129,-2.1254601862441,3.92857142857143));
#2721=CARTESIAN_POINT('',(2.07217046180055,-2.5984195719741,3.88392857142857));
#2722=CARTESIAN_POINT('',(1.47909815076982,-3.0713789577041,3.83928571428571));
#2723=CARTESIAN_POINT('',(0.739549075384909,-3.24017620815197,3.79464285714285));
#2724=CARTESIAN_POINT('',(6.26218265167888E-16,-3.40897345859985,3.75));
#2725=CARTESIAN_POINT('',(-0.739549075384908,-3.24017620815197,3.70535714285714));
#2726=CARTESIAN_POINT('',(-1.47909815076982,-3.0713789577041,3.66071428571428));
#2727=CARTESIAN_POINT('',(-2.07217046180055,-2.5984195719741,3.61607142857143));
#2728=CARTESIAN_POINT('',(-2.66524277283129,-2.1254601862441,3.57142857142857));
#2729=CARTESIAN_POINT('',(-2.99437307475364,-1.44201407204201,3.52678571428571));
#2730=CARTESIAN_POINT('',(-3.0037928610299,-1.42245368428824,3.52550802526531));
#2731=CARTESIAN_POINT('',(-3.01295630248605,-1.40277190379846,3.52422663544505));
#2732=CARTESIAN_POINT('',(3.46674425353635,1.99558765154075,7.52564722177847));
#2733=CARTESIAN_POINT('',(3.54012934218782,1.8681027304042,7.51835339243399));
#2734=CARTESIAN_POINT('',(3.60395270570864,1.735572150452,7.51116071428571));
#2735=CARTESIAN_POINT('',(4.00008572338259,0.91299346336328,7.46651785714285));
#2736=CARTESIAN_POINT('',(4.00008572338259,4.89869217745552E-16,7.421875));
#2737=CARTESIAN_POINT('',(4.00008572338259,-0.912993463363279,7.37723214285714));
#2738=CARTESIAN_POINT('',(3.60395270570864,-1.735572150452,7.33258928571428));
#2739=CARTESIAN_POINT('',(3.2078196880347,-2.55815083754072,7.28794642857143));
#2740=CARTESIAN_POINT('',(2.49401265508976,-3.12739295111141,7.24330357142857));
#2741=CARTESIAN_POINT('',(1.78020562214483,-3.6966350646821,7.19866071428571));
#2742=CARTESIAN_POINT('',(0.890102811072415,-3.89979522284571,7.15401785714285));
#2743=CARTESIAN_POINT('',(7.5370067615962E-16,-4.10295538100932,7.109375));
#2744=CARTESIAN_POINT('',(-0.890102811072413,-3.89979522284571,7.06473214285714));
#2745=CARTESIAN_POINT('',(-1.78020562214483,-3.6966350646821,7.02008928571428));
#2746=CARTESIAN_POINT('',(-2.49401265508976,-3.12739295111141,6.97544642857143));
#2747=CARTESIAN_POINT('',(-3.20781968803469,-2.55815083754072,6.93080357142857));
#2748=CARTESIAN_POINT('',(-3.60395270570864,-1.735572150452,6.88616071428571));
#2749=CARTESIAN_POINT('',(-4.00008572338259,-0.91299346336328,6.84151785714285));
#2750=CARTESIAN_POINT('',(-4.00008572338259,0.,6.796875));
#2751=CARTESIAN_POINT('',(-4.00008572338259,0.912993463363279,6.75223214285714));
#2752=CARTESIAN_POINT('',(-3.60395270570864,1.735572150452,6.70758928571428));
#2753=CARTESIAN_POINT('',(-3.2078196880347,2.55815083754072,6.66294642857143));
#2754=CARTESIAN_POINT('',(-2.49401265508976,3.12739295111141,6.61830357142857));
#2755=CARTESIAN_POINT('',(-1.78020562214483,3.6966350646821,6.57366071428571));
#2756=CARTESIAN_POINT('',(-0.890102811072414,3.89979522284571,6.52901785714285));
#2757=CARTESIAN_POINT('',(-2.51233558719874E-16,4.10295538100932,6.484375));
#2758=CARTESIAN_POINT('',(0.890102811072414,3.89979522284571,6.43973214285714));
#2759=CARTESIAN_POINT('',(1.78020562214483,3.6966350646821,6.39508928571428));
#2760=CARTESIAN_POINT('',(2.49401265508976,3.12739295111141,6.35044642857143));
#2761=CARTESIAN_POINT('',(3.20781968803469,2.55815083754072,6.30580357142857));
#2762=CARTESIAN_POINT('',(3.60395270570864,1.735572150452,6.26116071428571));
#2763=CARTESIAN_POINT('',(4.00008572338259,0.91299346336328,6.21651785714285));
#2764=CARTESIAN_POINT('',(4.00008572338259,4.89869217745552E-16,6.171875));
#2765=CARTESIAN_POINT('',(4.00008572338259,-0.912993463363279,6.12723214285714));
#2766=CARTESIAN_POINT('',(3.60395270570864,-1.735572150452,6.08258928571428));
#2767=CARTESIAN_POINT('',(3.2078196880347,-2.55815083754072,6.03794642857143));
#2768=CARTESIAN_POINT('',(2.49401265508976,-3.12739295111141,5.99330357142857));
#2769=CARTESIAN_POINT('',(1.78020562214483,-3.6966350646821,5.94866071428571));
#2770=CARTESIAN_POINT('',(0.890102811072415,-3.89979522284571,5.90401785714285));
#2771=CARTESIAN_POINT('',(7.5370067615962E-16,-4.10295538100932,5.859375));
#2772=CARTESIAN_POINT('',(-0.890102811072413,-3.89979522284571,5.81473214285714));
#2773=CARTESIAN_POINT('',(-1.78020562214483,-3.6966350646821,5.77008928571428));
#2774=CARTESIAN_POINT('',(-2.49401265508976,-3.12739295111141,5.72544642857143));
#2775=CARTESIAN_POINT('',(-3.20781968803469,-2.55815083754072,5.68080357142857));
#2776=CARTESIAN_POINT('',(-3.60395270570864,-1.735572150452,5.63616071428571));
#2777=CARTESIAN_POINT('',(-4.00008572338259,-0.91299346336328,5.59151785714285));
#2778=CARTESIAN_POINT('',(-4.00008572338259,0.,5.546875));
#2779=CARTESIAN_POINT('',(-4.00008572338259,0.912993463363279,5.50223214285714));
#2780=CARTESIAN_POINT('',(-3.60395270570864,1.735572150452,5.45758928571428));
#2781=CARTESIAN_POINT('',(-3.2078196880347,2.55815083754072,5.41294642857143));
#2782=CARTESIAN_POINT('',(-2.49401265508976,3.12739295111141,5.36830357142857));
#2783=CARTESIAN_POINT('',(-1.78020562214483,3.6966350646821,5.32366071428571));
#2784=CARTESIAN_POINT('',(-0.890102811072414,3.89979522284571,5.27901785714285));
#2785=CARTESIAN_POINT('',(-2.51233558719874E-16,4.10295538100932,5.234375));
#2786=CARTESIAN_POINT('',(0.890102811072414,3.89979522284571,5.18973214285714));
#2787=CARTESIAN_POINT('',(1.78020562214483,3.6966350646821,5.14508928571428));
#2788=CARTESIAN_POINT('',(2.49401265508976,3.12739295111141,5.10044642857142));
#2789=CARTESIAN_POINT('',(3.20781968803469,2.55815083754072,5.05580357142857));
#2790=CARTESIAN_POINT('',(3.60395270570864,1.735572150452,5.01116071428571));
#2791=CARTESIAN_POINT('',(4.00008572338259,0.91299346336328,4.96651785714285));
#2792=CARTESIAN_POINT('',(4.00008572338259,4.89869217745552E-16,4.921875));
#2793=CARTESIAN_POINT('',(4.00008572338259,-0.912993463363279,4.87723214285714));
#2794=CARTESIAN_POINT('',(3.60395270570864,-1.735572150452,4.83258928571428));
#2795=CARTESIAN_POINT('',(3.2078196880347,-2.55815083754072,4.78794642857143));
#2796=CARTESIAN_POINT('',(2.49401265508976,-3.12739295111141,4.74330357142857));
#2797=CARTESIAN_POINT('',(1.78020562214483,-3.6966350646821,4.69866071428571));
#2798=CARTESIAN_POINT('',(0.890102811072415,-3.89979522284571,4.65401785714285));
#2799=CARTESIAN_POINT('',(7.5370067615962E-16,-4.10295538100932,4.609375));
#2800=CARTESIAN_POINT('',(-0.890102811072413,-3.89979522284571,4.56473214285714));
#2801=CARTESIAN_POINT('',(-1.78020562214483,-3.6966350646821,4.52008928571428));
#2802=CARTESIAN_POINT('',(-2.49401265508976,-3.12739295111141,4.47544642857143));
#2803=CARTESIAN_POINT('',(-3.20781968803469,-2.55815083754072,4.43080357142857));
#2804=CARTESIAN_POINT('',(-3.60395270570864,-1.735572150452,4.38616071428571));
#2805=CARTESIAN_POINT('',(-4.00008572338259,-0.91299346336328,4.34151785714285));
#2806=CARTESIAN_POINT('',(-4.00008572338259,0.,4.296875));
#2807=CARTESIAN_POINT('',(-4.00008572338259,0.912993463363279,4.25223214285714));
#2808=CARTESIAN_POINT('',(-3.60395270570864,1.735572150452,4.20758928571428));
#2809=CARTESIAN_POINT('',(-3.2078196880347,2.55815083754072,4.16294642857143));
#2810=CARTESIAN_POINT('',(-2.49401265508976,3.12739295111141,4.11830357142857));
#2811=CARTESIAN_POINT('',(-1.78020562214483,3.6966350646821,4.07366071428571));
#2812=CARTESIAN_POINT('',(-0.890102811072414,3.89979522284571,4.02901785714285));
#2813=CARTESIAN_POINT('',(-2.51233558719874E-16,4.10295538100932,3.984375));
#2814=CARTESIAN_POINT('',(0.890102811072414,3.89979522284571,3.93973214285714));
#2815=CARTESIAN_POINT('',(1.78020562214483,3.6966350646821,3.89508928571428));
#2816=CARTESIAN_POINT('',(2.49401265508976,3.12739295111141,3.85044642857143));
#2817=CARTESIAN_POINT('',(3.20781968803469,2.55815083754072,3.80580357142857));
#2818=CARTESIAN_POINT('',(3.60395270570864,1.735572150452,3.76116071428571));
#2819=CARTESIAN_POINT('',(4.00008572338259,0.91299346336328,3.71651785714285));
#2820=CARTESIAN_POINT('',(4.00008572338259,4.89869217745552E-16,3.671875));
#2821=CARTESIAN_POINT('',(4.00008572338259,-0.912993463363279,3.62723214285714));
#2822=CARTESIAN_POINT('',(3.60395270570864,-1.735572150452,3.58258928571428));
#2823=CARTESIAN_POINT('',(3.2078196880347,-2.55815083754072,3.53794642857142));
#2824=CARTESIAN_POINT('',(2.49401265508976,-3.12739295111141,3.49330357142857));
#2825=CARTESIAN_POINT('',(1.78020562214483,-3.6966350646821,3.44866071428571));
#2826=CARTESIAN_POINT('',(0.890102811072415,-3.89979522284571,3.40401785714285));
#2827=CARTESIAN_POINT('',(7.5370067615962E-16,-4.10295538100932,3.359375));
#2828=CARTESIAN_POINT('',(-0.890102811072413,-3.89979522284571,3.31473214285714));
#2829=CARTESIAN_POINT('',(-1.78020562214483,-3.6966350646821,3.27008928571428));
#2830=CARTESIAN_POINT('',(-2.49401265508976,-3.12739295111141,3.22544642857143));
#2831=CARTESIAN_POINT('',(-3.20781968803469,-2.55815083754072,3.18080357142857));
#2832=CARTESIAN_POINT('',(-3.60395270570864,-1.735572150452,3.13616071428571));
#2833=CARTESIAN_POINT('',(-3.61529012539216,-1.71202975589727,3.13488302526531));
#2834=CARTESIAN_POINT('',(-3.6263190148475,-1.68834125607493,3.13360163544504));
#2835=CARTESIAN_POINT('',(3.27158530371356,-2.30161147784214,3.55));
#2836=CARTESIAN_POINT('',(2.880894008087,-2.76585324010233,3.55));
#2837=CARTESIAN_POINT('',(1.89854726273218,-3.50274528753602,3.55));
#2838=CARTESIAN_POINT('',(0.0751930853288333,-3.82835091021237,3.55));
#2839=CARTESIAN_POINT('',(-1.69871402499407,-3.24495197128122,3.55));
#2840=CARTESIAN_POINT('',(-2.53361128689239,-2.32674914879507,3.55));
#2841=CARTESIAN_POINT('',(-2.80488379548318,-1.78277917550454,3.55));
#2842=CARTESIAN_POINT('',(3.27158530371357,-2.30161147784213,3.55));
#2843=CARTESIAN_POINT('',(3.69655228241548,1.52845903372586,7.5));
#2844=CARTESIAN_POINT('',(3.87973842294735,0.949885604444803,7.5));
#2845=CARTESIAN_POINT('',(3.97448813237423,-0.274743855101643,7.49999999999997));
#2846=CARTESIAN_POINT('',(3.27214060114597,-1.98939364399597,7.50000000000001));
#2847=CARTESIAN_POINT('',(1.82707864915807,-3.1744488865614,7.49999999999999));
#2848=CARTESIAN_POINT('',(0.604547241637653,-3.38671193057631,7.5));
#2849=CARTESIAN_POINT('',(2.15201400006943E-14,-3.323503376676,7.5));
#2850=CARTESIAN_POINT('',(3.69655228241548,1.52845903372585,7.5));
#2851=CARTESIAN_POINT('',(-4.00008572338259,0.,8.046875));
#2852=CARTESIAN_POINT('',(-4.00008572338259,0.912993463363279,8.00223214285714));
#2853=CARTESIAN_POINT('',(-3.60395270570864,1.735572150452,7.95758928571428));
#2854=CARTESIAN_POINT('',(-3.2078196880347,2.55815083754072,7.91294642857143));
#2855=CARTESIAN_POINT('',(-2.49401265508976,3.12739295111141,7.86830357142857));
#2856=CARTESIAN_POINT('',(-1.78020562214483,3.6966350646821,7.82366071428571));
#2857=CARTESIAN_POINT('',(-0.890102811072414,3.89979522284571,7.77901785714285));
#2858=CARTESIAN_POINT('',(-2.51233558719874E-16,4.10295538100932,7.734375));
#2859=CARTESIAN_POINT('',(0.890102811072414,3.89979522284571,7.68973214285714));
#2860=CARTESIAN_POINT('',(1.78020562214483,3.6966350646821,7.64508928571428));
#2861=CARTESIAN_POINT('',(2.49401265508976,3.12739295111141,7.60044642857143));
#2862=CARTESIAN_POINT('',(3.20781968803469,2.55815083754072,7.55580357142857));
#2863=CARTESIAN_POINT('',(3.60395270570864,1.735572150452,7.51116071428571));
#2864=CARTESIAN_POINT('',(4.00008572338259,0.91299346336328,7.46651785714285));
#2865=CARTESIAN_POINT('',(4.00008572338259,4.89869217745552E-16,7.421875));
#2866=CARTESIAN_POINT('',(4.00008572338259,-0.912993463363279,7.37723214285714));
#2867=CARTESIAN_POINT('',(3.60395270570864,-1.735572150452,7.33258928571428));
#2868=CARTESIAN_POINT('',(3.2078196880347,-2.55815083754072,7.28794642857143));
#2869=CARTESIAN_POINT('',(2.49401265508976,-3.12739295111141,7.24330357142857));
#2870=CARTESIAN_POINT('',(1.78020562214483,-3.6966350646821,7.19866071428571));
#2871=CARTESIAN_POINT('',(0.890102811072415,-3.89979522284571,7.15401785714285));
#2872=CARTESIAN_POINT('',(7.5370067615962E-16,-4.10295538100932,7.109375));
#2873=CARTESIAN_POINT('',(-0.890102811072413,-3.89979522284571,7.06473214285714));
#2874=CARTESIAN_POINT('',(-1.78020562214483,-3.6966350646821,7.02008928571428));
#2875=CARTESIAN_POINT('',(-2.49401265508976,-3.12739295111141,6.97544642857143));
#2876=CARTESIAN_POINT('',(-3.20781968803469,-2.55815083754072,6.93080357142857));
#2877=CARTESIAN_POINT('',(-3.60395270570864,-1.735572150452,6.88616071428571));
#2878=CARTESIAN_POINT('',(-4.00008572338259,-0.91299346336328,6.84151785714285));
#2879=CARTESIAN_POINT('',(-4.00008572338259,-9.79738435491103E-16,6.796875));
#2880=CARTESIAN_POINT('',(-4.00008572338259,0.912993463363278,6.75223214285714));
#2881=CARTESIAN_POINT('',(-3.60395270570864,1.735572150452,6.70758928571428));
#2882=CARTESIAN_POINT('',(-3.2078196880347,2.55815083754072,6.66294642857143));
#2883=CARTESIAN_POINT('',(-2.49401265508976,3.12739295111141,6.61830357142857));
#2884=CARTESIAN_POINT('',(-1.78020562214483,3.6966350646821,6.57366071428571));
#2885=CARTESIAN_POINT('',(-0.890102811072415,3.89979522284571,6.52901785714285));
#2886=CARTESIAN_POINT('',(-1.25616779359937E-15,4.10295538100932,6.484375));
#2887=CARTESIAN_POINT('',(0.890102811072413,3.89979522284571,6.43973214285714));
#2888=CARTESIAN_POINT('',(1.78020562214483,3.6966350646821,6.39508928571428));
#2889=CARTESIAN_POINT('',(2.49401265508976,3.12739295111141,6.35044642857143));
#2890=CARTESIAN_POINT('',(3.20781968803469,2.55815083754073,6.30580357142857));
#2891=CARTESIAN_POINT('',(3.60395270570864,1.735572150452,6.26116071428571));
#2892=CARTESIAN_POINT('',(4.00008572338259,0.912993463363281,6.21651785714285));
#2893=CARTESIAN_POINT('',(4.00008572338259,1.46960765323666E-15,6.171875));
#2894=CARTESIAN_POINT('',(4.00008572338259,-0.912993463363278,6.12723214285714));
#2895=CARTESIAN_POINT('',(3.60395270570864,-1.735572150452,6.08258928571428));
#2896=CARTESIAN_POINT('',(3.2078196880347,-2.55815083754072,6.03794642857143));
#2897=CARTESIAN_POINT('',(2.49401265508976,-3.12739295111141,5.99330357142857));
#2898=CARTESIAN_POINT('',(1.78020562214483,-3.6966350646821,5.94866071428571));
#2899=CARTESIAN_POINT('',(0.890102811072416,-3.89979522284571,5.90401785714285));
#2900=CARTESIAN_POINT('',(1.75863491103911E-15,-4.10295538100932,5.859375));
#2901=CARTESIAN_POINT('',(-0.890102811072412,-3.89979522284571,5.81473214285714));
#2902=CARTESIAN_POINT('',(-1.78020562214483,-3.69663506468211,5.77008928571428));
#2903=CARTESIAN_POINT('',(-2.49401265508976,-3.12739295111142,5.72544642857143));
#2904=CARTESIAN_POINT('',(-3.20781968803469,-2.55815083754073,5.68080357142857));
#2905=CARTESIAN_POINT('',(-3.60395270570864,-1.735572150452,5.63616071428571));
#2906=CARTESIAN_POINT('',(-4.00008572338259,-0.912993463363281,5.59151785714285));
#2907=CARTESIAN_POINT('',(-4.00008572338259,-1.95947687098221E-15,5.546875));
#2908=CARTESIAN_POINT('',(-4.00008572338259,0.912993463363277,5.50223214285714));
#2909=CARTESIAN_POINT('',(-3.60395270570864,1.735572150452,5.45758928571428));
#2910=CARTESIAN_POINT('',(-3.2078196880347,2.55815083754072,5.41294642857143));
#2911=CARTESIAN_POINT('',(-2.49401265508976,3.12739295111141,5.36830357142857));
#2912=CARTESIAN_POINT('',(-1.78020562214483,3.6966350646821,5.32366071428571));
#2913=CARTESIAN_POINT('',(-0.890102811072416,3.89979522284571,5.27901785714285));
#2914=CARTESIAN_POINT('',(-2.26110202847886E-15,4.10295538100932,5.234375));
#2915=CARTESIAN_POINT('',(0.890102811072412,3.89979522284571,5.18973214285714));
#2916=CARTESIAN_POINT('',(1.78020562214483,3.69663506468211,5.14508928571428));
#2917=CARTESIAN_POINT('',(2.49401265508976,3.12739295111142,5.10044642857142));
#2918=CARTESIAN_POINT('',(3.20781968803469,2.55815083754073,5.05580357142857));
#2919=CARTESIAN_POINT('',(3.60395270570864,1.735572150452,5.01116071428571));
#2920=CARTESIAN_POINT('',(4.00008572338259,0.912993463363282,4.96651785714285));
#2921=CARTESIAN_POINT('',(4.00008572338259,2.44934608872776E-15,4.921875));
#2922=CARTESIAN_POINT('',(4.00008572338259,-0.912993463363277,4.87723214285714));
#2923=CARTESIAN_POINT('',(3.60395270570864,-1.735572150452,4.83258928571428));
#2924=CARTESIAN_POINT('',(3.2078196880347,-2.55815083754072,4.78794642857143));
#2925=CARTESIAN_POINT('',(2.49401265508976,-3.12739295111141,4.74330357142857));
#2926=CARTESIAN_POINT('',(1.78020562214482,-3.69663506468211,4.69866071428571));
#2927=CARTESIAN_POINT('',(0.890102811072417,-3.89979522284571,4.65401785714285));
#2928=CARTESIAN_POINT('',(1.00518819987286E-14,-4.10295538100932,4.609375));
#2929=CARTESIAN_POINT('',(-0.890102811072411,-3.89979522284571,4.56473214285714));
#2930=CARTESIAN_POINT('',(-1.78020562214483,-3.6966350646821,4.52008928571428));
#2931=CARTESIAN_POINT('',(-2.49401265508976,-3.12739295111142,4.47544642857143));
#2932=CARTESIAN_POINT('',(-3.20781968803469,-2.55815083754073,4.43080357142857));
#2933=CARTESIAN_POINT('',(-3.60395270570864,-1.735572150452,4.38616071428571));
#2934=CARTESIAN_POINT('',(-4.00008572338259,-0.912993463363275,4.34151785714285));
#2935=CARTESIAN_POINT('',(-4.00008572338259,-2.93921530647331E-15,4.296875));
#2936=CARTESIAN_POINT('',(-4.0000857233826,0.912993463363269,4.25223214285714));
#2937=CARTESIAN_POINT('',(-3.60395270570865,1.735572150452,4.20758928571428));
#2938=CARTESIAN_POINT('',(-3.20781968803469,2.55815083754073,4.16294642857143));
#2939=CARTESIAN_POINT('',(-2.49401265508976,3.12739295111141,4.11830357142857));
#2940=CARTESIAN_POINT('',(-1.78020562214484,3.6966350646821,4.07366071428571));
#2941=CARTESIAN_POINT('',(-0.890102811072417,3.89979522284571,4.02901785714285));
#2942=CARTESIAN_POINT('',(4.02227658945161E-15,4.10295538100932,3.984375));
#2943=CARTESIAN_POINT('',(0.890102811072411,3.89979522284571,3.93973214285714));
#2944=CARTESIAN_POINT('',(1.78020562214482,3.69663506468211,3.89508928571428));
#2945=CARTESIAN_POINT('',(2.49401265508976,3.12739295111142,3.85044642857143));
#2946=CARTESIAN_POINT('',(3.2078196880347,2.55815083754072,3.80580357142857));
#2947=CARTESIAN_POINT('',(3.60395270570864,1.735572150452,3.76116071428571));
#2948=CARTESIAN_POINT('',(4.00008572338259,0.91299346336329,3.71651785714285));
#2949=CARTESIAN_POINT('',(4.00008572338259,3.42908452421886E-15,3.671875));
#2950=CARTESIAN_POINT('',(4.00008572338259,-0.912993463363283,3.62723214285714));
#2951=CARTESIAN_POINT('',(3.60395270570865,-1.735572150452,3.58258928571428));
#2952=CARTESIAN_POINT('',(3.2078196880347,-2.55815083754072,3.53794642857142));
#2953=CARTESIAN_POINT('',(2.49401265508976,-3.12739295111141,3.49330357142857));
#2954=CARTESIAN_POINT('',(1.78020562214483,-3.69663506468211,3.44866071428571));
#2955=CARTESIAN_POINT('',(0.890102811072418,-3.89979522284571,3.40401785714285));
#2956=CARTESIAN_POINT('',(1.10568162336081E-14,-4.10295538100932,3.359375));
#2957=CARTESIAN_POINT('',(-0.890102811072411,-3.89979522284571,3.31473214285714));
#2958=CARTESIAN_POINT('',(-1.78020562214483,-3.6966350646821,3.27008928571428));
#2959=CARTESIAN_POINT('',(-2.49401265508976,-3.12739295111142,3.22544642857143));
#2960=CARTESIAN_POINT('',(-3.20781968803469,-2.55815083754073,3.18080357142857));
#2961=CARTESIAN_POINT('',(-3.60395270570864,-1.73557215045201,3.13616071428571));
#2962=CARTESIAN_POINT('',(-4.00008572338259,-0.912993463363276,3.09151785714285));
#2963=CARTESIAN_POINT('',(-4.00008572338259,-3.91895374196441E-15,3.046875));
#2964=CARTESIAN_POINT('',(-4.0000857233826,0.912993463363268,3.00223214285714));
#2965=CARTESIAN_POINT('',(-3.60395270570865,1.735572150452,2.95758928571428));
#2966=CARTESIAN_POINT('',(-3.20781968803469,2.55815083754073,2.91294642857143));
#2967=CARTESIAN_POINT('',(-2.49401265508976,3.12739295111141,2.86830357142857));
#2968=CARTESIAN_POINT('',(-1.78020562214484,3.6966350646821,2.82366071428571));
#2969=CARTESIAN_POINT('',(-0.890102811072418,3.89979522284571,2.77901785714285));
#2970=CARTESIAN_POINT('',(3.01734235457211E-15,4.10295538100932,2.734375));
#2971=CARTESIAN_POINT('',(0.89010281107241,3.89979522284571,2.68973214285714));
#2972=CARTESIAN_POINT('',(1.78020562214482,3.69663506468211,2.64508928571428));
#2973=CARTESIAN_POINT('',(2.49401265508976,3.12739295111142,2.60044642857143));
#2974=CARTESIAN_POINT('',(3.2078196880347,2.55815083754072,2.55580357142857));
#2975=CARTESIAN_POINT('',(3.60395270570864,1.73557215045201,2.51116071428571));
#2976=CARTESIAN_POINT('',(4.00008572338259,0.912993463363291,2.46651785714285));
#2977=CARTESIAN_POINT('',(4.00008572338259,4.40882295970997E-15,2.421875));
#2978=CARTESIAN_POINT('',(4.00008572338259,-0.912993463363282,2.37723214285714));
#2979=CARTESIAN_POINT('',(3.60395270570865,-1.735572150452,2.33258928571428));
#2980=CARTESIAN_POINT('',(3.2078196880347,-2.55815083754071,2.28794642857143));
#2981=CARTESIAN_POINT('',(2.49401265508977,-3.12739295111141,2.24330357142857));
#2982=CARTESIAN_POINT('',(1.78020562214483,-3.69663506468211,2.19866071428571));
#2983=CARTESIAN_POINT('',(0.890102811072419,-3.89979522284571,2.15401785714285));
#2984=CARTESIAN_POINT('',(1.20617504684876E-14,-4.10295538100932,2.109375));
#2985=CARTESIAN_POINT('',(-0.89010281107241,-3.89979522284571,2.06473214285714));
#2986=CARTESIAN_POINT('',(-1.78020562214483,-3.6966350646821,2.02008928571428));
#2987=CARTESIAN_POINT('',(-2.49401265508976,-3.12739295111142,1.97544642857143));
#2988=CARTESIAN_POINT('',(-3.20781968803469,-2.55815083754073,1.93080357142857));
#2989=CARTESIAN_POINT('',(-3.60395270570864,-1.73557215045201,1.88616071428571));
#2990=CARTESIAN_POINT('',(-4.00008572338259,-0.912993463363277,1.84151785714285));
#2991=CARTESIAN_POINT('',(-4.00008572338259,-4.89869217745552E-15,1.796875));
#2992=CARTESIAN_POINT('',(-4.0000857233826,0.912993463363267,1.75223214285714));
#2993=CARTESIAN_POINT('',(-3.60395270570865,1.735572150452,1.70758928571428));
#2994=CARTESIAN_POINT('',(-3.20781968803469,2.55815083754073,1.66294642857143));
#2995=CARTESIAN_POINT('',(-2.49401265508977,3.12739295111141,1.61830357142857));
#2996=CARTESIAN_POINT('',(-1.78020562214484,3.6966350646821,1.57366071428571));
#2997=CARTESIAN_POINT('',(-0.890102811072433,3.89979522284571,1.52901785714285));
#2998=CARTESIAN_POINT('',(2.01240811969262E-15,4.10295538100932,1.484375));
#2999=CARTESIAN_POINT('',(0.890102811072409,3.89979522284571,1.43973214285714));
#3000=CARTESIAN_POINT('',(1.78020562214482,3.69663506468211,1.39508928571428));
#3001=CARTESIAN_POINT('',(2.49401265508977,3.12739295111141,1.35044642857143));
#3002=CARTESIAN_POINT('',(3.2078196880347,2.55815083754072,1.30580357142857));
#3003=CARTESIAN_POINT('',(3.60395270570864,1.73557215045201,1.26116071428571));
#3004=CARTESIAN_POINT('',(4.00008572338259,0.912993463363292,1.21651785714285));
#3005=CARTESIAN_POINT('',(4.00008572338259,1.9599720661037E-14,1.171875));
#3006=CARTESIAN_POINT('',(4.00008572338259,-0.912993463363281,1.12723214285714));
#3007=CARTESIAN_POINT('',(3.60395270570865,-1.735572150452,1.08258928571428));
#3008=CARTESIAN_POINT('',(3.2078196880347,-2.55815083754071,1.03794642857143));
#3009=CARTESIAN_POINT('',(2.49401265508976,-3.12739295111142,0.993303571428569));
#3010=CARTESIAN_POINT('',(1.78020562214483,-3.6966350646821,0.948660714285711));
#3011=CARTESIAN_POINT('',(0.89010281107242,-3.89979522284571,0.904017857142854));
#3012=CARTESIAN_POINT('',(1.30666847033671E-14,-4.10295538100932,0.859374999999996));
#3013=CARTESIAN_POINT('',(-0.890102811072395,-3.89979522284572,0.81473214285714));
#3014=CARTESIAN_POINT('',(-1.78020562214483,-3.6966350646821,0.770089285714283));
#3015=CARTESIAN_POINT('',(-2.49401265508976,-3.12739295111142,0.725446428571425));
#3016=CARTESIAN_POINT('',(-3.20781968803469,-2.55815083754073,0.680803571428568));
#3017=CARTESIAN_POINT('',(-3.60395270570865,-1.73557215045199,0.636160714285711));
#3018=CARTESIAN_POINT('',(-4.00008572338259,-0.912993463363278,0.591517857142854));
#3019=CARTESIAN_POINT('',(-4.00008572338259,-5.87843061294662E-15,0.546874999999997));
#3020=CARTESIAN_POINT('',(-4.0000857233826,0.912993463363266,0.502232142857139));
#3021=CARTESIAN_POINT('',(-3.60395270570865,1.73557215045198,0.457589285714283));
#3022=CARTESIAN_POINT('',(-3.20781968803469,2.55815083754072,0.412946428571426));
#3023=CARTESIAN_POINT('',(-2.49401265508977,3.12739295111141,0.368303571428568));
#3024=CARTESIAN_POINT('',(-1.78020562214484,3.6966350646821,0.323660714285711));
#3025=CARTESIAN_POINT('',(-0.890102811072406,3.89979522284571,0.279017857142854));
#3026=CARTESIAN_POINT('',(1.00747388481312E-15,4.10295538100932,0.234374999999997));
#3027=CARTESIAN_POINT('',(0.890102811072408,3.89979522284571,0.189732142857139));
#3028=CARTESIAN_POINT('',(1.78020562214482,3.69663506468211,0.145089285714283));
#3029=CARTESIAN_POINT('',(2.49401265508975,3.12739295111143,0.100446428571425));
#3030=CARTESIAN_POINT('',(3.2078196880347,2.55815083754072,0.0558035714285678));
#3031=CARTESIAN_POINT('',(3.60395270570864,1.73557215045201,0.0111607142857118));
#3032=CARTESIAN_POINT('',(4.00008572338259,0.912993463363293,-0.0334821428571459));
#3033=CARTESIAN_POINT('',(4.00008572338259,-7.84285943514376E-15,-0.0781250000000035));
#3034=CARTESIAN_POINT('',(4.00008572338259,-0.91299346336328,-0.122767857142861));
#3035=CARTESIAN_POINT('',(3.60395270570865,-1.735572150452,-0.167410714285717));
#3036=CARTESIAN_POINT('',(3.2078196880347,-2.55815083754071,-0.212053571428575));
#3037=CARTESIAN_POINT('',(2.49401265508978,-3.1273929511114,-0.256696428571432));
#3038=CARTESIAN_POINT('',(1.78020562214483,-3.6966350646821,-0.301339285714288));
#3039=CARTESIAN_POINT('',(0.890102811072421,-3.89979522284571,-0.345982142857146));
#3040=CARTESIAN_POINT('',(1.40716189382465E-14,-4.10295538100932,-0.390625000000004));
#3041=CARTESIAN_POINT('',(-0.890102811072422,-3.89979522284571,-0.43526785714286));
#3042=CARTESIAN_POINT('',(-1.78020562214483,-3.6966350646821,-0.479910714285717));
#3043=CARTESIAN_POINT('',(-2.49401265508976,-3.12739295111142,-0.524553571428575));
#3044=CARTESIAN_POINT('',(-3.20781968803469,-2.55815083754074,-0.569196428571431));
#3045=CARTESIAN_POINT('',(-3.60395270570863,-1.73557215045202,-0.613839285714289));
#3046=CARTESIAN_POINT('',(-4.00008572338259,-0.912993463363279,-0.658482142857146));
#3047=CARTESIAN_POINT('',(-4.00008572338259,-6.85816904843772E-15,-0.703125000000004));
#3048=CARTESIAN_POINT('',(-4.0000857233826,0.912993463363265,-0.74776785714286));
#3049=CARTESIAN_POINT('',(-3.60395270570864,1.73557215045201,-0.792410714285718));
#3050=CARTESIAN_POINT('',(-3.2078196880347,2.55815083754072,-0.837053571428575));
#3051=CARTESIAN_POINT('',(-2.49401265508977,3.12739295111141,-0.881696428571431));
#3052=CARTESIAN_POINT('',(-1.78020562214484,3.6966350646821,-0.926339285714289));
#3053=CARTESIAN_POINT('',(-0.890102811072435,3.89979522284571,-0.970982142857147));
#3054=CARTESIAN_POINT('',(2.53964993363078E-18,4.10295538100932,-1.015625));
#3055=CARTESIAN_POINT('',(0.890102811072407,3.89979522284571,-1.06026785714286));
#3056=CARTESIAN_POINT('',(1.78020562214482,3.69663506468211,-1.10491071428572));
#3057=CARTESIAN_POINT('',(2.49401265508977,3.12739295111141,-1.14955357142857));
#3058=CARTESIAN_POINT('',(3.2078196880347,2.55815083754072,-1.19419642857143));
#3059=CARTESIAN_POINT('',(3.60395270570864,1.73557215045201,-1.23883928571429));
#3060=CARTESIAN_POINT('',(4.00008572338259,0.912993463363294,-1.28348214285715));
#3061=CARTESIAN_POINT('',(4.00008572338259,2.15591975320192E-14,-1.328125));
#3062=CARTESIAN_POINT('',(4.00008572338259,-0.912993463363279,-1.37276785714286));
#3063=CARTESIAN_POINT('',(3.60395270570865,-1.735572150452,-1.41741071428572));
#3064=CARTESIAN_POINT('',(3.2078196880347,-2.55815083754071,-1.46205357142857));
#3065=CARTESIAN_POINT('',(2.49401265508976,-3.12739295111142,-1.50669642857143));
#3066=CARTESIAN_POINT('',(1.78020562214483,-3.6966350646821,-1.55133928571429));
#3067=CARTESIAN_POINT('',(0.890102811072422,-3.89979522284571,-1.59598214285715));
#3068=CARTESIAN_POINT('',(1.5076553173126E-14,-4.10295538100932,-1.640625));
#3069=CARTESIAN_POINT('',(-0.890102811072393,-3.89979522284572,-1.68526785714286));
#3070=CARTESIAN_POINT('',(-1.78020562214483,-3.6966350646821,-1.72991071428572));
#3071=CARTESIAN_POINT('',(-2.49401265508976,-3.12739295111142,-1.77455357142857));
#3072=CARTESIAN_POINT('',(-3.20781968803469,-2.55815083754074,-1.81919642857143));
#3073=CARTESIAN_POINT('',(-3.60395270570865,-1.735572150452,-1.86383928571429));
#3074=CARTESIAN_POINT('',(-4.00008572338259,-0.91299346336328,-1.90848214285715));
#3075=CARTESIAN_POINT('',(-4.00008572338259,-7.83790748392883E-15,-1.953125));
#3076=CARTESIAN_POINT('',(0.,0.,10.));
#3077=CARTESIAN_POINT('',(0.,0.,3.55));
#3078=CARTESIAN_POINT('',(3.94023966084975,0.689345493548677,3.55));
#3079=CARTESIAN_POINT('',(0.,0.,7.5));
#3080=CARTESIAN_POINT('',(1.53239578154426,3.6949220510201,7.5));
#3081=CARTESIAN_POINT('',(-4.00008572338259,0.,7.890625));
#3082=CARTESIAN_POINT('',(-4.00008572338259,0.912993463363279,7.84598214285714));
#3083=CARTESIAN_POINT('',(-3.60395270570864,1.735572150452,7.80133928571428));
#3084=CARTESIAN_POINT('',(-3.2078196880347,2.55815083754072,7.75669642857143));
#3085=CARTESIAN_POINT('',(-2.49401265508976,3.12739295111141,7.71205357142857));
#3086=CARTESIAN_POINT('',(-1.78020562214483,3.6966350646821,7.66741071428571));
#3087=CARTESIAN_POINT('',(-0.890102811072414,3.89979522284571,7.62276785714285));
#3088=CARTESIAN_POINT('',(-2.51233558719874E-16,4.10295538100932,7.578125));
#3089=CARTESIAN_POINT('',(0.890102811072414,3.89979522284571,7.53348214285714));
#3090=CARTESIAN_POINT('',(1.78020562214483,3.6966350646821,7.48883928571428));
#3091=CARTESIAN_POINT('',(2.49401265508976,3.12739295111141,7.44419642857143));
#3092=CARTESIAN_POINT('',(3.20781968803469,2.55815083754072,7.39955357142857));
#3093=CARTESIAN_POINT('',(3.60395270570864,1.735572150452,7.35491071428571));
#3094=CARTESIAN_POINT('',(4.00008572338259,0.91299346336328,7.31026785714285));
#3095=CARTESIAN_POINT('',(4.00008572338259,4.89869217745552E-16,7.265625));
#3096=CARTESIAN_POINT('',(4.00008572338259,-0.912993463363279,7.22098214285714));
#3097=CARTESIAN_POINT('',(3.60395270570864,-1.735572150452,7.17633928571428));
#3098=CARTESIAN_POINT('',(3.2078196880347,-2.55815083754072,7.13169642857142));
#3099=CARTESIAN_POINT('',(2.49401265508976,-3.12739295111141,7.08705357142857));
#3100=CARTESIAN_POINT('',(1.78020562214483,-3.6966350646821,7.04241071428571));
#3101=CARTESIAN_POINT('',(0.890102811072415,-3.89979522284571,6.99776785714285));
#3102=CARTESIAN_POINT('',(7.5370067615962E-16,-4.10295538100932,6.953125));
#3103=CARTESIAN_POINT('',(-0.890102811072413,-3.89979522284571,6.90848214285714));
#3104=CARTESIAN_POINT('',(-1.78020562214483,-3.6966350646821,6.86383928571428));
#3105=CARTESIAN_POINT('',(-2.49401265508976,-3.12739295111141,6.81919642857143));
#3106=CARTESIAN_POINT('',(-3.20781968803469,-2.55815083754072,6.77455357142857));
#3107=CARTESIAN_POINT('',(-3.60395270570864,-1.735572150452,6.72991071428571));
#3108=CARTESIAN_POINT('',(-4.00008572338259,-0.91299346336328,6.68526785714285));
#3109=CARTESIAN_POINT('',(-4.00008572338259,-9.79738435491103E-16,6.640625));
#3110=CARTESIAN_POINT('',(-4.00008572338259,0.912993463363278,6.59598214285714));
#3111=CARTESIAN_POINT('',(-3.60395270570864,1.735572150452,6.55133928571428));
#3112=CARTESIAN_POINT('',(-3.2078196880347,2.55815083754072,6.50669642857143));
#3113=CARTESIAN_POINT('',(-2.49401265508976,3.12739295111141,6.46205357142857));
#3114=CARTESIAN_POINT('',(-1.78020562214483,3.6966350646821,6.41741071428571));
#3115=CARTESIAN_POINT('',(-0.890102811072415,3.89979522284571,6.37276785714285));
#3116=CARTESIAN_POINT('',(-1.25616779359937E-15,4.10295538100932,6.328125));
#3117=CARTESIAN_POINT('',(0.890102811072413,3.89979522284571,6.28348214285714));
#3118=CARTESIAN_POINT('',(1.78020562214483,3.6966350646821,6.23883928571428));
#3119=CARTESIAN_POINT('',(2.49401265508976,3.12739295111141,6.19419642857143));
#3120=CARTESIAN_POINT('',(3.20781968803469,2.55815083754073,6.14955357142857));
#3121=CARTESIAN_POINT('',(3.60395270570864,1.735572150452,6.10491071428571));
#3122=CARTESIAN_POINT('',(4.00008572338259,0.912993463363281,6.06026785714285));
#3123=CARTESIAN_POINT('',(4.00008572338259,1.46960765323666E-15,6.015625));
#3124=CARTESIAN_POINT('',(4.00008572338259,-0.912993463363278,5.97098214285714));
#3125=CARTESIAN_POINT('',(3.60395270570864,-1.735572150452,5.92633928571428));
#3126=CARTESIAN_POINT('',(3.2078196880347,-2.55815083754072,5.88169642857143));
#3127=CARTESIAN_POINT('',(2.49401265508976,-3.12739295111141,5.83705357142857));
#3128=CARTESIAN_POINT('',(1.78020562214483,-3.6966350646821,5.79241071428571));
#3129=CARTESIAN_POINT('',(0.890102811072416,-3.89979522284571,5.74776785714285));
#3130=CARTESIAN_POINT('',(1.75863491103911E-15,-4.10295538100932,5.703125));
#3131=CARTESIAN_POINT('',(-0.890102811072412,-3.89979522284571,5.65848214285714));
#3132=CARTESIAN_POINT('',(-1.78020562214483,-3.69663506468211,5.61383928571428));
#3133=CARTESIAN_POINT('',(-2.49401265508976,-3.12739295111142,5.56919642857143));
#3134=CARTESIAN_POINT('',(-3.20781968803469,-2.55815083754073,5.52455357142857));
#3135=CARTESIAN_POINT('',(-3.60395270570864,-1.735572150452,5.47991071428571));
#3136=CARTESIAN_POINT('',(-4.00008572338259,-0.912993463363281,5.43526785714285));
#3137=CARTESIAN_POINT('',(-4.00008572338259,-1.95947687098221E-15,5.390625));
#3138=CARTESIAN_POINT('',(-4.00008572338259,0.912993463363277,5.34598214285714));
#3139=CARTESIAN_POINT('',(-3.60395270570864,1.735572150452,5.30133928571428));
#3140=CARTESIAN_POINT('',(-3.2078196880347,2.55815083754072,5.25669642857142));
#3141=CARTESIAN_POINT('',(-2.49401265508976,3.12739295111141,5.21205357142857));
#3142=CARTESIAN_POINT('',(-1.78020562214483,3.6966350646821,5.16741071428571));
#3143=CARTESIAN_POINT('',(-0.890102811072416,3.89979522284571,5.12276785714285));
#3144=CARTESIAN_POINT('',(-2.26110202847886E-15,4.10295538100932,5.078125));
#3145=CARTESIAN_POINT('',(0.890102811072412,3.89979522284571,5.03348214285714));
#3146=CARTESIAN_POINT('',(1.78020562214483,3.69663506468211,4.98883928571428));
#3147=CARTESIAN_POINT('',(2.49401265508976,3.12739295111142,4.94419642857142));
#3148=CARTESIAN_POINT('',(3.20781968803469,2.55815083754073,4.89955357142857));
#3149=CARTESIAN_POINT('',(3.60395270570864,1.735572150452,4.85491071428571));
#3150=CARTESIAN_POINT('',(4.00008572338259,0.912993463363282,4.81026785714285));
#3151=CARTESIAN_POINT('',(4.00008572338259,2.44934608872776E-15,4.765625));
#3152=CARTESIAN_POINT('',(4.00008572338259,-0.912993463363277,4.72098214285714));
#3153=CARTESIAN_POINT('',(3.60395270570864,-1.735572150452,4.67633928571428));
#3154=CARTESIAN_POINT('',(3.2078196880347,-2.55815083754072,4.63169642857143));
#3155=CARTESIAN_POINT('',(2.49401265508976,-3.12739295111141,4.58705357142857));
#3156=CARTESIAN_POINT('',(1.78020562214482,-3.69663506468211,4.54241071428571));
#3157=CARTESIAN_POINT('',(0.890102811072417,-3.89979522284571,4.49776785714285));
#3158=CARTESIAN_POINT('',(1.00518819987286E-14,-4.10295538100932,4.453125));
#3159=CARTESIAN_POINT('',(-0.890102811072411,-3.89979522284571,4.40848214285714));
#3160=CARTESIAN_POINT('',(-1.78020562214483,-3.6966350646821,4.36383928571428));
#3161=CARTESIAN_POINT('',(-2.49401265508976,-3.12739295111142,4.31919642857143));
#3162=CARTESIAN_POINT('',(-3.20781968803469,-2.55815083754073,4.27455357142857));
#3163=CARTESIAN_POINT('',(-3.60395270570864,-1.735572150452,4.22991071428571));
#3164=CARTESIAN_POINT('',(-4.00008572338259,-0.912993463363275,4.18526785714285));
#3165=CARTESIAN_POINT('',(-4.00008572338259,-2.93921530647331E-15,4.140625));
#3166=CARTESIAN_POINT('',(-4.0000857233826,0.912993463363269,4.09598214285714));
#3167=CARTESIAN_POINT('',(-3.60395270570865,1.735572150452,4.05133928571428));
#3168=CARTESIAN_POINT('',(-3.20781968803469,2.55815083754073,4.00669642857143));
#3169=CARTESIAN_POINT('',(-2.49401265508976,3.12739295111141,3.96205357142857));
#3170=CARTESIAN_POINT('',(-1.78020562214484,3.6966350646821,3.91741071428571));
#3171=CARTESIAN_POINT('',(-0.890102811072417,3.89979522284571,3.87276785714285));
#3172=CARTESIAN_POINT('',(4.02227658945161E-15,4.10295538100932,3.828125));
#3173=CARTESIAN_POINT('',(0.890102811072411,3.89979522284571,3.78348214285714));
#3174=CARTESIAN_POINT('',(1.78020562214482,3.69663506468211,3.73883928571428));
#3175=CARTESIAN_POINT('',(2.49401265508976,3.12739295111142,3.69419642857143));
#3176=CARTESIAN_POINT('',(3.2078196880347,2.55815083754072,3.64955357142857));
#3177=CARTESIAN_POINT('',(3.60395270570864,1.735572150452,3.60491071428571));
#3178=CARTESIAN_POINT('',(4.00008572338259,0.91299346336329,3.56026785714285));
#3179=CARTESIAN_POINT('',(4.00008572338259,3.42908452421886E-15,3.515625));
#3180=CARTESIAN_POINT('',(4.00008572338259,-0.912993463363283,3.47098214285714));
#3181=CARTESIAN_POINT('',(3.60395270570865,-1.735572150452,3.42633928571428));
#3182=CARTESIAN_POINT('',(3.2078196880347,-2.55815083754072,3.38169642857142));
#3183=CARTESIAN_POINT('',(2.49401265508976,-3.12739295111141,3.33705357142857));
#3184=CARTESIAN_POINT('',(1.78020562214483,-3.69663506468211,3.29241071428571));
#3185=CARTESIAN_POINT('',(0.890102811072418,-3.89979522284571,3.24776785714285));
#3186=CARTESIAN_POINT('',(1.10568162336081E-14,-4.10295538100932,3.203125));
#3187=CARTESIAN_POINT('',(-0.890102811072411,-3.89979522284571,3.15848214285714));
#3188=CARTESIAN_POINT('',(-1.78020562214483,-3.6966350646821,3.11383928571428));
#3189=CARTESIAN_POINT('',(-2.49401265508976,-3.12739295111142,3.06919642857143));
#3190=CARTESIAN_POINT('',(-3.20781968803469,-2.55815083754073,3.02455357142857));
#3191=CARTESIAN_POINT('',(-3.60395270570864,-1.73557215045201,2.97991071428571));
#3192=CARTESIAN_POINT('',(-4.00008572338259,-0.912993463363276,2.93526785714285));
#3193=CARTESIAN_POINT('',(-4.00008572338259,-3.91895374196441E-15,2.890625));
#3194=CARTESIAN_POINT('',(-4.0000857233826,0.912993463363268,2.84598214285714));
#3195=CARTESIAN_POINT('',(-3.60395270570865,1.735572150452,2.80133928571428));
#3196=CARTESIAN_POINT('',(-3.20781968803469,2.55815083754073,2.75669642857143));
#3197=CARTESIAN_POINT('',(-2.49401265508976,3.12739295111141,2.71205357142857));
#3198=CARTESIAN_POINT('',(-1.78020562214484,3.6966350646821,2.66741071428571));
#3199=CARTESIAN_POINT('',(-0.890102811072418,3.89979522284571,2.62276785714285));
#3200=CARTESIAN_POINT('',(3.01734235457211E-15,4.10295538100932,2.578125));
#3201=CARTESIAN_POINT('',(0.89010281107241,3.89979522284571,2.53348214285714));
#3202=CARTESIAN_POINT('',(1.78020562214482,3.69663506468211,2.48883928571428));
#3203=CARTESIAN_POINT('',(2.49401265508976,3.12739295111142,2.44419642857142));
#3204=CARTESIAN_POINT('',(3.2078196880347,2.55815083754072,2.39955357142857));
#3205=CARTESIAN_POINT('',(3.60395270570864,1.73557215045201,2.35491071428571));
#3206=CARTESIAN_POINT('',(4.00008572338259,0.912993463363291,2.31026785714285));
#3207=CARTESIAN_POINT('',(4.00008572338259,4.40882295970997E-15,2.265625));
#3208=CARTESIAN_POINT('',(4.00008572338259,-0.912993463363282,2.22098214285714));
#3209=CARTESIAN_POINT('',(3.60395270570865,-1.735572150452,2.17633928571428));
#3210=CARTESIAN_POINT('',(3.2078196880347,-2.55815083754071,2.13169642857143));
#3211=CARTESIAN_POINT('',(2.49401265508977,-3.12739295111141,2.08705357142857));
#3212=CARTESIAN_POINT('',(1.78020562214483,-3.69663506468211,2.04241071428571));
#3213=CARTESIAN_POINT('',(0.890102811072419,-3.89979522284571,1.99776785714285));
#3214=CARTESIAN_POINT('',(1.20617504684876E-14,-4.10295538100932,1.953125));
#3215=CARTESIAN_POINT('',(-0.89010281107241,-3.89979522284571,1.90848214285714));
#3216=CARTESIAN_POINT('',(-1.78020562214483,-3.6966350646821,1.86383928571428));
#3217=CARTESIAN_POINT('',(-2.49401265508976,-3.12739295111142,1.81919642857143));
#3218=CARTESIAN_POINT('',(-3.20781968803469,-2.55815083754073,1.77455357142857));
#3219=CARTESIAN_POINT('',(-3.60395270570864,-1.73557215045201,1.72991071428571));
#3220=CARTESIAN_POINT('',(-4.00008572338259,-0.912993463363277,1.68526785714285));
#3221=CARTESIAN_POINT('',(-4.00008572338259,-4.89869217745552E-15,1.640625));
#3222=CARTESIAN_POINT('',(-4.0000857233826,0.912993463363267,1.59598214285714));
#3223=CARTESIAN_POINT('',(-3.60395270570865,1.735572150452,1.55133928571428));
#3224=CARTESIAN_POINT('',(-3.20781968803469,2.55815083754073,1.50669642857143));
#3225=CARTESIAN_POINT('',(-2.49401265508977,3.12739295111141,1.46205357142857));
#3226=CARTESIAN_POINT('',(-1.78020562214484,3.6966350646821,1.41741071428571));
#3227=CARTESIAN_POINT('',(-0.890102811072433,3.89979522284571,1.37276785714285));
#3228=CARTESIAN_POINT('',(2.01240811969262E-15,4.10295538100932,1.328125));
#3229=CARTESIAN_POINT('',(0.890102811072409,3.89979522284571,1.28348214285714));
#3230=CARTESIAN_POINT('',(1.78020562214482,3.69663506468211,1.23883928571428));
#3231=CARTESIAN_POINT('',(2.49401265508977,3.12739295111141,1.19419642857143));
#3232=CARTESIAN_POINT('',(3.2078196880347,2.55815083754072,1.14955357142857));
#3233=CARTESIAN_POINT('',(3.60395270570864,1.73557215045201,1.10491071428571));
#3234=CARTESIAN_POINT('',(4.00008572338259,0.912993463363292,1.06026785714285));
#3235=CARTESIAN_POINT('',(4.00008572338259,1.9599720661037E-14,1.015625));
#3236=CARTESIAN_POINT('',(4.00008572338259,-0.912993463363281,0.97098214285714));
#3237=CARTESIAN_POINT('',(3.60395270570865,-1.735572150452,0.926339285714282));
#3238=CARTESIAN_POINT('',(3.2078196880347,-2.55815083754071,0.881696428571425));
#3239=CARTESIAN_POINT('',(2.49401265508976,-3.12739295111142,0.837053571428569));
#3240=CARTESIAN_POINT('',(1.78020562214483,-3.6966350646821,0.792410714285711));
#3241=CARTESIAN_POINT('',(0.89010281107242,-3.89979522284571,0.747767857142854));
#3242=CARTESIAN_POINT('',(1.30666847033671E-14,-4.10295538100932,0.703124999999996));
#3243=CARTESIAN_POINT('',(-0.890102811072395,-3.89979522284572,0.658482142857139));
#3244=CARTESIAN_POINT('',(-1.78020562214483,-3.6966350646821,0.613839285714283));
#3245=CARTESIAN_POINT('',(-2.49401265508976,-3.12739295111142,0.569196428571425));
#3246=CARTESIAN_POINT('',(-3.20781968803469,-2.55815083754073,0.524553571428568));
#3247=CARTESIAN_POINT('',(-3.60395270570865,-1.73557215045199,0.479910714285711));
#3248=CARTESIAN_POINT('',(-4.00008572338259,-0.912993463363278,0.435267857142854));
#3249=CARTESIAN_POINT('',(-4.00008572338259,-5.87843061294662E-15,0.390624999999997));
#3250=CARTESIAN_POINT('',(-4.0000857233826,0.912993463363266,0.345982142857139));
#3251=CARTESIAN_POINT('',(-3.60395270570865,1.73557215045198,0.301339285714282));
#3252=CARTESIAN_POINT('',(-3.20781968803469,2.55815083754072,0.256696428571426));
#3253=CARTESIAN_POINT('',(-2.49401265508977,3.12739295111141,0.212053571428568));
#3254=CARTESIAN_POINT('',(-1.78020562214484,3.6966350646821,0.167410714285711));
#3255=CARTESIAN_POINT('',(-0.890102811072406,3.89979522284571,0.122767857142853));
#3256=CARTESIAN_POINT('',(1.00747388481312E-15,4.10295538100932,0.0781249999999966));
#3257=CARTESIAN_POINT('',(0.890102811072408,3.89979522284571,0.0334821428571389));
#3258=CARTESIAN_POINT('',(1.78020562214482,3.69663506468211,-0.011160714285717));
#3259=CARTESIAN_POINT('',(2.49401265508975,3.12739295111143,-0.0558035714285747));
#3260=CARTESIAN_POINT('',(3.2078196880347,2.55815083754072,-0.100446428571432));
#3261=CARTESIAN_POINT('',(3.60395270570864,1.73557215045201,-0.145089285714288));
#3262=CARTESIAN_POINT('',(4.00008572338259,0.912993463363293,-0.189732142857146));
#3263=CARTESIAN_POINT('',(4.00008572338259,-7.84285943514376E-15,-0.234375000000004));
#3264=CARTESIAN_POINT('',(4.00008572338259,-0.91299346336328,-0.279017857142861));
#3265=CARTESIAN_POINT('',(3.60395270570865,-1.735572150452,-0.323660714285717));
#3266=CARTESIAN_POINT('',(3.2078196880347,-2.55815083754071,-0.368303571428575));
#3267=CARTESIAN_POINT('',(2.49401265508978,-3.1273929511114,-0.412946428571433));
#3268=CARTESIAN_POINT('',(1.78020562214483,-3.6966350646821,-0.457589285714289));
#3269=CARTESIAN_POINT('',(0.890102811072421,-3.89979522284571,-0.502232142857146));
#3270=CARTESIAN_POINT('',(1.40716189382465E-14,-4.10295538100932,-0.546875000000004));
#3271=CARTESIAN_POINT('',(-0.890102811072422,-3.89979522284571,-0.59151785714286));
#3272=CARTESIAN_POINT('',(-1.78020562214483,-3.6966350646821,-0.636160714285718));
#3273=CARTESIAN_POINT('',(-2.49401265508976,-3.12739295111142,-0.680803571428575));
#3274=CARTESIAN_POINT('',(-3.20781968803469,-2.55815083754074,-0.725446428571431));
#3275=CARTESIAN_POINT('',(-3.60395270570863,-1.73557215045202,-0.770089285714289));
#3276=CARTESIAN_POINT('',(-4.00008572338259,-0.912993463363279,-0.814732142857147));
#3277=CARTESIAN_POINT('',(-4.00008572338259,-6.85816904843772E-15,-0.859375000000004));
#3278=CARTESIAN_POINT('',(-4.0000857233826,0.912993463363265,-0.90401785714286));
#3279=CARTESIAN_POINT('',(-3.60395270570864,1.73557215045201,-0.948660714285718));
#3280=CARTESIAN_POINT('',(-3.2078196880347,2.55815083754072,-0.993303571428576));
#3281=CARTESIAN_POINT('',(-2.49401265508977,3.12739295111141,-1.03794642857143));
#3282=CARTESIAN_POINT('',(-1.78020562214484,3.6966350646821,-1.08258928571429));
#3283=CARTESIAN_POINT('',(-0.890102811072435,3.89979522284571,-1.12723214285715));
#3284=CARTESIAN_POINT('',(2.53964993363078E-18,4.10295538100932,-1.171875));
#3285=CARTESIAN_POINT('',(0.890102811072407,3.89979522284571,-1.21651785714286));
#3286=CARTESIAN_POINT('',(1.78020562214482,3.69663506468211,-1.26116071428572));
#3287=CARTESIAN_POINT('',(2.49401265508977,3.12739295111141,-1.30580357142857));
#3288=CARTESIAN_POINT('',(3.2078196880347,2.55815083754072,-1.35044642857143));
#3289=CARTESIAN_POINT('',(3.60395270570864,1.73557215045201,-1.39508928571429));
#3290=CARTESIAN_POINT('',(4.00008572338259,0.912993463363294,-1.43973214285715));
#3291=CARTESIAN_POINT('',(4.00008572338259,2.15591975320192E-14,-1.484375));
#3292=CARTESIAN_POINT('',(4.00008572338259,-0.912993463363279,-1.52901785714286));
#3293=CARTESIAN_POINT('',(3.60395270570865,-1.735572150452,-1.57366071428572));
#3294=CARTESIAN_POINT('',(3.2078196880347,-2.55815083754071,-1.61830357142857));
#3295=CARTESIAN_POINT('',(2.49401265508976,-3.12739295111142,-1.66294642857143));
#3296=CARTESIAN_POINT('',(1.78020562214483,-3.6966350646821,-1.70758928571429));
#3297=CARTESIAN_POINT('',(0.890102811072422,-3.89979522284571,-1.75223214285715));
#3298=CARTESIAN_POINT('',(1.5076553173126E-14,-4.10295538100932,-1.796875));
#3299=CARTESIAN_POINT('',(-0.890102811072393,-3.89979522284572,-1.84151785714286));
#3300=CARTESIAN_POINT('',(-1.78020562214483,-3.6966350646821,-1.88616071428572));
#3301=CARTESIAN_POINT('',(-2.49401265508976,-3.12739295111142,-1.93080357142857));
#3302=CARTESIAN_POINT('',(-3.20781968803469,-2.55815083754074,-1.97544642857143));
#3303=CARTESIAN_POINT('',(-3.60395270570865,-1.735572150452,-2.02008928571429));
#3304=CARTESIAN_POINT('',(-4.00008572338259,-0.91299346336328,-2.06473214285715));
#3305=CARTESIAN_POINT('',(-4.00008572338259,-7.83790748392883E-15,-2.109375));
#3306=CARTESIAN_POINT('',(-4.00008572338259,0.,7.890625));
#3307=CARTESIAN_POINT('',(-4.00008572338259,0.912993463363279,7.84598214285714));
#3308=CARTESIAN_POINT('',(-3.60395270570864,1.735572150452,7.80133928571428));
#3309=CARTESIAN_POINT('',(-3.2078196880347,2.55815083754072,7.75669642857143));
#3310=CARTESIAN_POINT('',(-2.49401265508976,3.12739295111141,7.71205357142857));
#3311=CARTESIAN_POINT('',(-1.78020562214483,3.6966350646821,7.66741071428571));
#3312=CARTESIAN_POINT('',(-0.890102811072414,3.89979522284571,7.62276785714285));
#3313=CARTESIAN_POINT('',(-2.51233558719874E-16,4.10295538100932,7.578125));
#3314=CARTESIAN_POINT('',(0.890102811072414,3.89979522284571,7.53348214285714));
#3315=CARTESIAN_POINT('',(1.78020562214483,3.6966350646821,7.48883928571428));
#3316=CARTESIAN_POINT('',(2.49401265508976,3.12739295111141,7.44419642857143));
#3317=CARTESIAN_POINT('',(3.20781968803469,2.55815083754072,7.39955357142857));
#3318=CARTESIAN_POINT('',(3.60395270570864,1.735572150452,7.35491071428571));
#3319=CARTESIAN_POINT('',(4.00008572338259,0.91299346336328,7.31026785714285));
#3320=CARTESIAN_POINT('',(4.00008572338259,4.89869217745552E-16,7.265625));
#3321=CARTESIAN_POINT('',(4.00008572338259,-0.912993463363279,7.22098214285714));
#3322=CARTESIAN_POINT('',(3.60395270570864,-1.735572150452,7.17633928571428));
#3323=CARTESIAN_POINT('',(3.2078196880347,-2.55815083754072,7.13169642857142));
#3324=CARTESIAN_POINT('',(2.49401265508976,-3.12739295111141,7.08705357142857));
#3325=CARTESIAN_POINT('',(1.78020562214483,-3.6966350646821,7.04241071428571));
#3326=CARTESIAN_POINT('',(0.890102811072415,-3.89979522284571,6.99776785714285));
#3327=CARTESIAN_POINT('',(7.5370067615962E-16,-4.10295538100932,6.953125));
#3328=CARTESIAN_POINT('',(-0.890102811072413,-3.89979522284571,6.90848214285714));
#3329=CARTESIAN_POINT('',(-1.78020562214483,-3.6966350646821,6.86383928571428));
#3330=CARTESIAN_POINT('',(-2.49401265508976,-3.12739295111141,6.81919642857143));
#3331=CARTESIAN_POINT('',(-3.20781968803469,-2.55815083754072,6.77455357142857));
#3332=CARTESIAN_POINT('',(-3.60395270570864,-1.735572150452,6.72991071428571));
#3333=CARTESIAN_POINT('',(-4.00008572338259,-0.91299346336328,6.68526785714285));
#3334=CARTESIAN_POINT('',(-4.00008572338259,0.,6.640625));
#3335=CARTESIAN_POINT('',(-4.00008572338259,0.912993463363279,6.59598214285714));
#3336=CARTESIAN_POINT('',(-3.60395270570864,1.735572150452,6.55133928571428));
#3337=CARTESIAN_POINT('',(-3.2078196880347,2.55815083754072,6.50669642857143));
#3338=CARTESIAN_POINT('',(-2.49401265508976,3.12739295111141,6.46205357142857));
#3339=CARTESIAN_POINT('',(-1.78020562214483,3.6966350646821,6.41741071428571));
#3340=CARTESIAN_POINT('',(-0.890102811072414,3.89979522284571,6.37276785714285));
#3341=CARTESIAN_POINT('',(-2.51233558719874E-16,4.10295538100932,6.328125));
#3342=CARTESIAN_POINT('',(0.890102811072414,3.89979522284571,6.28348214285714));
#3343=CARTESIAN_POINT('',(1.78020562214483,3.6966350646821,6.23883928571428));
#3344=CARTESIAN_POINT('',(2.49401265508976,3.12739295111141,6.19419642857143));
#3345=CARTESIAN_POINT('',(3.20781968803469,2.55815083754072,6.14955357142857));
#3346=CARTESIAN_POINT('',(3.60395270570864,1.735572150452,6.10491071428571));
#3347=CARTESIAN_POINT('',(4.00008572338259,0.91299346336328,6.06026785714285));
#3348=CARTESIAN_POINT('',(4.00008572338259,4.89869217745552E-16,6.015625));
#3349=CARTESIAN_POINT('',(4.00008572338259,-0.912993463363279,5.97098214285714));
#3350=CARTESIAN_POINT('',(3.60395270570864,-1.735572150452,5.92633928571428));
#3351=CARTESIAN_POINT('',(3.2078196880347,-2.55815083754072,5.88169642857143));
#3352=CARTESIAN_POINT('',(2.49401265508976,-3.12739295111141,5.83705357142857));
#3353=CARTESIAN_POINT('',(1.78020562214483,-3.6966350646821,5.79241071428571));
#3354=CARTESIAN_POINT('',(0.890102811072415,-3.89979522284571,5.74776785714285));
#3355=CARTESIAN_POINT('',(7.5370067615962E-16,-4.10295538100932,5.703125));
#3356=CARTESIAN_POINT('',(-0.890102811072413,-3.89979522284571,5.65848214285714));
#3357=CARTESIAN_POINT('',(-1.78020562214483,-3.6966350646821,5.61383928571428));
#3358=CARTESIAN_POINT('',(-2.49401265508976,-3.12739295111141,5.56919642857143));
#3359=CARTESIAN_POINT('',(-3.20781968803469,-2.55815083754072,5.52455357142857));
#3360=CARTESIAN_POINT('',(-3.60395270570864,-1.735572150452,5.47991071428571));
#3361=CARTESIAN_POINT('',(-4.00008572338259,-0.91299346336328,5.43526785714285));
#3362=CARTESIAN_POINT('',(-4.00008572338259,0.,5.390625));
#3363=CARTESIAN_POINT('',(-4.00008572338259,0.912993463363279,5.34598214285714));
#3364=CARTESIAN_POINT('',(-3.60395270570864,1.735572150452,5.30133928571428));
#3365=CARTESIAN_POINT('',(-3.2078196880347,2.55815083754072,5.25669642857142));
#3366=CARTESIAN_POINT('',(-2.49401265508976,3.12739295111141,5.21205357142857));
#3367=CARTESIAN_POINT('',(-1.78020562214483,3.6966350646821,5.16741071428571));
#3368=CARTESIAN_POINT('',(-0.890102811072414,3.89979522284571,5.12276785714285));
#3369=CARTESIAN_POINT('',(-2.51233558719874E-16,4.10295538100932,5.078125));
#3370=CARTESIAN_POINT('',(0.890102811072414,3.89979522284571,5.03348214285714));
#3371=CARTESIAN_POINT('',(1.78020562214483,3.6966350646821,4.98883928571428));
#3372=CARTESIAN_POINT('',(2.49401265508976,3.12739295111141,4.94419642857142));
#3373=CARTESIAN_POINT('',(3.20781968803469,2.55815083754072,4.89955357142857));
#3374=CARTESIAN_POINT('',(3.60395270570864,1.735572150452,4.85491071428571));
#3375=CARTESIAN_POINT('',(4.00008572338259,0.91299346336328,4.81026785714285));
#3376=CARTESIAN_POINT('',(4.00008572338259,4.89869217745552E-16,4.765625));
#3377=CARTESIAN_POINT('',(4.00008572338259,-0.912993463363279,4.72098214285714));
#3378=CARTESIAN_POINT('',(3.60395270570864,-1.735572150452,4.67633928571428));
#3379=CARTESIAN_POINT('',(3.2078196880347,-2.55815083754072,4.63169642857143));
#3380=CARTESIAN_POINT('',(2.49401265508976,-3.12739295111141,4.58705357142857));
#3381=CARTESIAN_POINT('',(1.78020562214483,-3.6966350646821,4.54241071428571));
#3382=CARTESIAN_POINT('',(0.890102811072415,-3.89979522284571,4.49776785714285));
#3383=CARTESIAN_POINT('',(7.5370067615962E-16,-4.10295538100932,4.453125));
#3384=CARTESIAN_POINT('',(-0.890102811072413,-3.89979522284571,4.40848214285714));
#3385=CARTESIAN_POINT('',(-1.78020562214483,-3.6966350646821,4.36383928571428));
#3386=CARTESIAN_POINT('',(-2.49401265508976,-3.12739295111141,4.31919642857143));
#3387=CARTESIAN_POINT('',(-3.20781968803469,-2.55815083754072,4.27455357142857));
#3388=CARTESIAN_POINT('',(-3.60395270570864,-1.735572150452,4.22991071428571));
#3389=CARTESIAN_POINT('',(-4.00008572338259,-0.91299346336328,4.18526785714285));
#3390=CARTESIAN_POINT('',(-4.00008572338259,0.,4.140625));
#3391=CARTESIAN_POINT('',(-4.00008572338259,0.912993463363279,4.09598214285714));
#3392=CARTESIAN_POINT('',(-3.60395270570864,1.735572150452,4.05133928571428));
#3393=CARTESIAN_POINT('',(-3.2078196880347,2.55815083754072,4.00669642857143));
#3394=CARTESIAN_POINT('',(-2.49401265508976,3.12739295111141,3.96205357142857));
#3395=CARTESIAN_POINT('',(-1.78020562214483,3.6966350646821,3.91741071428571));
#3396=CARTESIAN_POINT('',(-0.890102811072414,3.89979522284571,3.87276785714285));
#3397=CARTESIAN_POINT('',(-2.51233558719874E-16,4.10295538100932,3.828125));
#3398=CARTESIAN_POINT('',(0.890102811072414,3.89979522284571,3.78348214285714));
#3399=CARTESIAN_POINT('',(1.78020562214483,3.6966350646821,3.73883928571428));
#3400=CARTESIAN_POINT('',(2.49401265508976,3.12739295111141,3.69419642857143));
#3401=CARTESIAN_POINT('',(3.20781968803469,2.55815083754072,3.64955357142857));
#3402=CARTESIAN_POINT('',(3.60395270570864,1.735572150452,3.60491071428571));
#3403=CARTESIAN_POINT('',(3.96170658035478,0.992688575042647,3.56459305732313));
#3404=CARTESIAN_POINT('',(3.9965189317097,0.168885235870943,3.52392282838015));
#3405=CARTESIAN_POINT('',(-3.323503376676,0.,7.5));
#3406=CARTESIAN_POINT('',(-3.323503376676,0.758567957839925,7.45535714285714));
#3407=CARTESIAN_POINT('',(-2.99437307475364,1.44201407204201,7.41071428571428));
#3408=CARTESIAN_POINT('',(-2.66524277283129,2.1254601862441,7.36607142857143));
#3409=CARTESIAN_POINT('',(-2.07217046180055,2.5984195719741,7.32142857142857));
#3410=CARTESIAN_POINT('',(-1.47909815076982,3.0713789577041,7.27678571428571));
#3411=CARTESIAN_POINT('',(-0.739549075384908,3.24017620815197,7.23214285714285));
#3412=CARTESIAN_POINT('',(-2.08739421722629E-16,3.40897345859985,7.1875));
#3413=CARTESIAN_POINT('',(0.739549075384908,3.24017620815197,7.14285714285714));
#3414=CARTESIAN_POINT('',(1.47909815076982,3.0713789577041,7.09821428571428));
#3415=CARTESIAN_POINT('',(2.07217046180055,2.5984195719741,7.05357142857142));
#3416=CARTESIAN_POINT('',(2.66524277283129,2.1254601862441,7.00892857142857));
#3417=CARTESIAN_POINT('',(2.99437307475364,1.44201407204201,6.96428571428571));
#3418=CARTESIAN_POINT('',(3.323503376676,0.758567957839926,6.91964285714285));
#3419=CARTESIAN_POINT('',(3.323503376676,4.07011777220168E-16,6.875));
#3420=CARTESIAN_POINT('',(3.323503376676,-0.758567957839925,6.83035714285714));
#3421=CARTESIAN_POINT('',(2.99437307475364,-1.44201407204201,6.78571428571428));
#3422=CARTESIAN_POINT('',(2.66524277283129,-2.1254601862441,6.74107142857142));
#3423=CARTESIAN_POINT('',(2.07217046180055,-2.5984195719741,6.69642857142857));
#3424=CARTESIAN_POINT('',(1.47909815076982,-3.0713789577041,6.65178571428571));
#3425=CARTESIAN_POINT('',(0.739549075384909,-3.24017620815197,6.60714285714285));
#3426=CARTESIAN_POINT('',(6.26218265167888E-16,-3.40897345859985,6.5625));
#3427=CARTESIAN_POINT('',(-0.739549075384908,-3.24017620815197,6.51785714285714));
#3428=CARTESIAN_POINT('',(-1.47909815076982,-3.0713789577041,6.47321428571428));
#3429=CARTESIAN_POINT('',(-2.07217046180055,-2.5984195719741,6.42857142857143));
#3430=CARTESIAN_POINT('',(-2.66524277283129,-2.1254601862441,6.38392857142857));
#3431=CARTESIAN_POINT('',(-2.99437307475364,-1.44201407204201,6.33928571428571));
#3432=CARTESIAN_POINT('',(-3.323503376676,-0.758567957839926,6.29464285714285));
#3433=CARTESIAN_POINT('',(-3.323503376676,0.,6.25));
#3434=CARTESIAN_POINT('',(-3.323503376676,0.758567957839925,6.20535714285714));
#3435=CARTESIAN_POINT('',(-2.99437307475364,1.44201407204201,6.16071428571428));
#3436=CARTESIAN_POINT('',(-2.66524277283129,2.1254601862441,6.11607142857142));
#3437=CARTESIAN_POINT('',(-2.07217046180055,2.5984195719741,6.07142857142857));
#3438=CARTESIAN_POINT('',(-1.47909815076982,3.0713789577041,6.02678571428571));
#3439=CARTESIAN_POINT('',(-0.739549075384908,3.24017620815197,5.98214285714285));
#3440=CARTESIAN_POINT('',(-2.08739421722629E-16,3.40897345859985,5.9375));
#3441=CARTESIAN_POINT('',(0.739549075384908,3.24017620815197,5.89285714285714));
#3442=CARTESIAN_POINT('',(1.47909815076982,3.0713789577041,5.84821428571428));
#3443=CARTESIAN_POINT('',(2.07217046180055,2.5984195719741,5.80357142857143));
#3444=CARTESIAN_POINT('',(2.66524277283129,2.1254601862441,5.75892857142857));
#3445=CARTESIAN_POINT('',(2.99437307475364,1.44201407204201,5.71428571428571));
#3446=CARTESIAN_POINT('',(3.323503376676,0.758567957839926,5.66964285714285));
#3447=CARTESIAN_POINT('',(3.323503376676,4.07011777220168E-16,5.625));
#3448=CARTESIAN_POINT('',(3.323503376676,-0.758567957839925,5.58035714285714));
#3449=CARTESIAN_POINT('',(2.99437307475364,-1.44201407204201,5.53571428571428));
#3450=CARTESIAN_POINT('',(2.66524277283129,-2.1254601862441,5.49107142857143));
#3451=CARTESIAN_POINT('',(2.07217046180055,-2.5984195719741,5.44642857142857));
#3452=CARTESIAN_POINT('',(1.47909815076982,-3.0713789577041,5.40178571428571));
#3453=CARTESIAN_POINT('',(0.739549075384909,-3.24017620815197,5.35714285714285));
#3454=CARTESIAN_POINT('',(6.26218265167888E-16,-3.40897345859985,5.3125));
#3455=CARTESIAN_POINT('',(-0.739549075384908,-3.24017620815197,5.26785714285714));
#3456=CARTESIAN_POINT('',(-1.47909815076982,-3.0713789577041,5.22321428571428));
#3457=CARTESIAN_POINT('',(-2.07217046180055,-2.5984195719741,5.17857142857142));
#3458=CARTESIAN_POINT('',(-2.66524277283129,-2.1254601862441,5.13392857142857));
#3459=CARTESIAN_POINT('',(-2.99437307475364,-1.44201407204201,5.08928571428571));
#3460=CARTESIAN_POINT('',(-3.323503376676,-0.758567957839926,5.04464285714285));
#3461=CARTESIAN_POINT('',(-3.323503376676,0.,5.));
#3462=CARTESIAN_POINT('',(-3.323503376676,0.758567957839925,4.95535714285714));
#3463=CARTESIAN_POINT('',(-2.99437307475364,1.44201407204201,4.91071428571428));
#3464=CARTESIAN_POINT('',(-2.66524277283129,2.1254601862441,4.86607142857142));
#3465=CARTESIAN_POINT('',(-2.07217046180055,2.5984195719741,4.82142857142857));
#3466=CARTESIAN_POINT('',(-1.47909815076982,3.0713789577041,4.77678571428571));
#3467=CARTESIAN_POINT('',(-0.739549075384908,3.24017620815197,4.73214285714285));
#3468=CARTESIAN_POINT('',(-2.08739421722629E-16,3.40897345859985,4.6875));
#3469=CARTESIAN_POINT('',(0.739549075384908,3.24017620815197,4.64285714285714));
#3470=CARTESIAN_POINT('',(1.47909815076982,3.0713789577041,4.59821428571428));
#3471=CARTESIAN_POINT('',(2.07217046180055,2.5984195719741,4.55357142857142));
#3472=CARTESIAN_POINT('',(2.66524277283129,2.1254601862441,4.50892857142857));
#3473=CARTESIAN_POINT('',(2.99437307475364,1.44201407204201,4.46428571428571));
#3474=CARTESIAN_POINT('',(3.323503376676,0.758567957839926,4.41964285714285));
#3475=CARTESIAN_POINT('',(3.323503376676,4.07011777220168E-16,4.375));
#3476=CARTESIAN_POINT('',(3.323503376676,-0.758567957839925,4.33035714285714));
#3477=CARTESIAN_POINT('',(2.99437307475364,-1.44201407204201,4.28571428571428));
#3478=CARTESIAN_POINT('',(2.66524277283129,-2.1254601862441,4.24107142857142));
#3479=CARTESIAN_POINT('',(2.07217046180055,-2.5984195719741,4.19642857142857));
#3480=CARTESIAN_POINT('',(1.47909815076982,-3.0713789577041,4.15178571428571));
#3481=CARTESIAN_POINT('',(0.739549075384909,-3.24017620815197,4.10714285714285));
#3482=CARTESIAN_POINT('',(6.26218265167888E-16,-3.40897345859985,4.0625));
#3483=CARTESIAN_POINT('',(-0.739549075384908,-3.24017620815197,4.01785714285714));
#3484=CARTESIAN_POINT('',(-1.47909815076982,-3.0713789577041,3.97321428571428));
#3485=CARTESIAN_POINT('',(-2.07217046180055,-2.5984195719741,3.92857142857143));
#3486=CARTESIAN_POINT('',(-2.66524277283129,-2.1254601862441,3.88392857142857));
#3487=CARTESIAN_POINT('',(-2.99437307475364,-1.44201407204201,3.83928571428571));
#3488=CARTESIAN_POINT('',(-3.323503376676,-0.758567957839926,3.79464285714285));
#3489=CARTESIAN_POINT('',(-3.323503376676,0.,3.75));
#3490=CARTESIAN_POINT('',(-3.323503376676,0.758567957839925,3.70535714285714));
#3491=CARTESIAN_POINT('',(-2.99437307475364,1.44201407204201,3.66071428571428));
#3492=CARTESIAN_POINT('',(-2.66524277283129,2.1254601862441,3.61607142857142));
#3493=CARTESIAN_POINT('',(-2.07217046180055,2.5984195719741,3.57142857142857));
#3494=CARTESIAN_POINT('',(-1.47909815076982,3.0713789577041,3.52678571428571));
#3495=CARTESIAN_POINT('',(-0.739549075384908,3.24017620815197,3.48214285714285));
#3496=CARTESIAN_POINT('',(-2.08739421722629E-16,3.40897345859985,3.4375));
#3497=CARTESIAN_POINT('',(0.739549075384908,3.24017620815197,3.39285714285714));
#3498=CARTESIAN_POINT('',(1.47909815076982,3.0713789577041,3.34821428571428));
#3499=CARTESIAN_POINT('',(2.07217046180055,2.5984195719741,3.30357142857142));
#3500=CARTESIAN_POINT('',(2.66524277283129,2.1254601862441,3.25892857142857));
#3501=CARTESIAN_POINT('',(2.99437307475364,1.44201407204201,3.21428571428571));
#3502=CARTESIAN_POINT('',(3.29161575719293,0.824783281982272,3.17396805732313));
#3503=CARTESIAN_POINT('',(3.32053987914407,0.140319655753067,3.13329782838016));
#3504=CARTESIAN_POINT('',(-1.77880953169322,2.80740295375176,3.55));
#3505=CARTESIAN_POINT('',(-1.30208559149782,3.18373464362445,3.55));
#3506=CARTESIAN_POINT('',(-0.159828370570049,3.65834376113636,3.54999999999999));
#3507=CARTESIAN_POINT('',(1.69596038280906,3.43353124939739,3.55));
#3508=CARTESIAN_POINT('',(3.21015858469381,2.3603085674917,3.55));
#3509=CARTESIAN_POINT('',(3.78446187641258,1.27554869440109,3.55));
#3510=CARTESIAN_POINT('',(3.94023966084975,0.689345493548681,3.55));
#3511=CARTESIAN_POINT('',(-3.323503376676,0.,7.5));
#3512=CARTESIAN_POINT('',(-3.38515667524778,0.604836793214121,7.5));
#3513=CARTESIAN_POINT('',(-3.17518370485062,1.82463839914789,7.49999999999998));
#3514=CARTESIAN_POINT('',(-1.99018204136936,3.27162756904472,7.50000000000001));
#3515=CARTESIAN_POINT('',(-0.270792070697673,3.97548258730521,7.49999999999999));
#3516=CARTESIAN_POINT('',(0.953819354826297,3.87810239665864,7.5));
#3517=CARTESIAN_POINT('',(1.53239578154426,3.6949220510201,7.5));
#3518=CARTESIAN_POINT('',(0.,0.,7.5));
#3519=CARTESIAN_POINT('',(0.,0.,3.55));
#3520=MECHANICAL_DESIGN_GEOMETRIC_PRESENTATION_REPRESENTATION('',(#1343),
#3521);
#3521=(
GEOMETRIC_REPRESENTATION_CONTEXT(3)
GLOBAL_UNCERTAINTY_ASSIGNED_CONTEXT((#3522))
GLOBAL_UNIT_ASSIGNED_CONTEXT((#3525,#3524,#3523))
REPRESENTATION_CONTEXT('AMT0680001DB0000G','TOP_LEVEL_ASSEMBLY_PART')
);
#3522=UNCERTAINTY_MEASURE_WITH_UNIT(LENGTH_MEASURE(0.005),#3525,
'DISTANCE_ACCURACY_VALUE','Maximum Tolerance applied to model');
#3523=(
NAMED_UNIT(*)
SI_UNIT($,.STERADIAN.)
SOLID_ANGLE_UNIT()
);
#3524=(
NAMED_UNIT(*)
PLANE_ANGLE_UNIT()
SI_UNIT($,.RADIAN.)
);
#3525=(
LENGTH_UNIT()
NAMED_UNIT(*)
SI_UNIT(.MILLI.,.METRE.)
);
#3526=PRODUCT_DEFINITION_SHAPE('','',#3527);
#3527=PRODUCT_DEFINITION('','',#3529,#3528);
#3528=PRODUCT_DEFINITION_CONTEXT('',#3535,'design');
#3529=PRODUCT_DEFINITION_FORMATION_WITH_SPECIFIED_SOURCE('','',#3531,
 .NOT_KNOWN.);
#3530=PRODUCT_RELATED_PRODUCT_CATEGORY('','',(#3531));
#3531=PRODUCT('AMT0680001DB0000G','AMT0680001DB0000G',
'AMT0680001DB0000G',(#3533));
#3532=PRODUCT_CATEGORY('','');
#3533=PRODUCT_CONTEXT('',#3535,'mechanical');
#3534=APPLICATION_PROTOCOL_DEFINITION('international standard',
'automotive_design',2010,#3535);
#3535=APPLICATION_CONTEXT(
'core data for automotive mechanical design processes');
ENDSEC;
END-ISO-10303-21;
